Slice Item ;Raw material Item ;;Qté;Qté Unit ;Unit ;;Site 59;;;;;;
M200002;BW00376;BOM_M200002_01;27.3200000000000000;1.0000000000000000;mm;1;Casablanca;INV-INT;Intermediates;DAHER;HRH-SLICE;;
M200004;BW00376;BOM_M200004_01;24.1450000000000000;1.0000000000000000;mm;1;Casablanca;INV-INT;Intermediates;DAHER;HRH-SLICE;;
M200008;BW00375;BOM_M200008_01;17.7950000000000000;1.0000000000000000;mm;1;Casablanca;INV-INT;Intermediates;DAHER;HRH-SLICE;;
M200031;BW00049;BOM_M200031-04;6.6000000000000000;1.0000000000000000;mm;1;Casablanca;INV-INT;Intermediates;DAHER;HRH-SLICE;;
M200032;BW00065;BOM_M200032_CR85;9.4200000000000000;1.0000000000000000;mm;1;Casablanca;INV-INT;Intermediates;DAHER;HRH-SLICE;;
M200033;BW00228;BOM_M2000133-08;10.3200000000000000;1.0000000000000000;mm;1;Casablanca;INV-INT;Intermediates;DAHER;HRH-SLICE;;
M200034;BW00049;BOM_M200034-05;11.6000000000000000;1.0000000000000000;mm;1;Casablanca;INV-INT;Intermediates;DAHER;Cov Slice;;
M200035;BW00228;BOM-M200035-08;11.3200000000000000;1.0000000000000000;mm;1;Casablanca;INV-INT;Intermediates;DAHER;HRH-SLICE;;
M200036;C107478;BOM_M200036-06 BLOC  C107478;0.4567000000000000;1.0000000000000000;in;1;Casablanca;INV-INT;Intermediates;DAHER;Cov Slice;;
M200038;BW00185;BOM_M200038_CR85;15.3200000000000000;1.0000000000000000;mm;1;Casablanca;INV-INT;Intermediates;DAHER;HRH-SLICE;;
M200039;BW00306;BOM_M200039-03;15.6000000000000000;1.0000000000000000;mm;1;Casablanca;INV-INT;Intermediates;DAHER;Cov Slice;;
M200040;BW00065;BOM_M200040-01;17.2000000000000000;1.0000000000000000;mm;1;Casablanca;INV-INT;Intermediates;DAHER;Cov Slice;;
M200041;BW00065;BOM_M200041_CR85;17.3200000000000000;1.0000000000000000;mm;1;Casablanca;INV-INT;Intermediates;DAHER;HRH-SLICE;;
M200042;BW00227;BOM_M200042-02;26.5300000000000000;1.0000000000000000;mm;1;Casablanca;INV-INT;Intermediates;DAHER;HRH-SLICE;;
M200164;BW00065;M200164;15.6000000000000000;1.0000000000000000;mm;1;Casablanca;INV-INT;Intermediates;DAHER;Cov FG;;
M200181;BW00353;BOM_M200181_CR85_2;15.3200000000000000;1.0000000000000000;mm;1;Casablanca;INV-INT;Intermediates;DAHER;HRH-SLICE;;
M200182;BW00228;BOM_M200182-02;6.9200000000000000;1.0000000000000000;mm;1;Casablanca;INV-INT;Intermediates;DAHER;HRH-SLICE;;
M200183;BW00354;BOM_M200183_CR85;15.3200000000000000;1.0000000000000000;mm;1;Casablanca;INV-INT;Intermediates;DAHER;HRH-SLICE;;vv
M200184;BW00065;BOM_M200184-01;17.9200000000000000;1.0000000000000000;mm;1;Casablanca;INV-INT;Intermediates;DAHER;Cov Slice;;
M200185;BW00353;BOM_M200185-01;42.1300000000000000;1.0000000000000000;mm;1;Casablanca;INV-INT;Intermediates;DAHER;Cov Slice;;
M200186;BW00353;BOM_M200186-01;27.1300000000000000;1.0000000000000000;mm;1;Casablanca;INV-INT;Intermediates;DAHER;Cov Slice;;
M200188;BW00065;BOM_M200188-01;15.6000000000000000;1.0000000000000000;mm;1;Casablanca;INV-INT;Intermediates;DAHER;HRH-SLICE;;
M200189;BW00228;BOM_M200189-02;15.6000000000000000;1.0000000000000000;mm;1;Casablanca;INV-INT;Intermediates;DAHER;HRH-SLICE;;
M200600;BW00128;BOM_M200600_CR85;16.5200000000000000;1.0000000000000000;mm;1;Casablanca;INV-INT;Intermediates;DAHER;HRH-SLICE;;
M200601;BW00376;BOM_M200601_CR85;11.3200000000000000;1.0000000000000000;mm;1;Casablanca;INV-INT;Intermediates;DAHER;HRH-SLICE;;
M200602;BW00375;BOM_M200602_CR85;16.3200000000000000;1.0000000000000000;mm;1;Casablanca;INV-INT;Intermediates;DAHER;HRH-SLICE;;
M202001;BW00377;BOM-M202001-01;18.9200000000000000;1.0000000000000000;mm;1;Casablanca;INV-INT;Intermediates;DAHER;HRH-SLICE;;
M202003;BW00334;BOM_M202003-01;32.1300000000000000;1.0000000000000000;mm;1;Casablanca;INV-INT;Intermediates;DAHER;HRH-SLICE;;
M202004;BW00379;BOM_M202004-01;11.9200000000000000;1.0000000000000000;mm;1;Casablanca;INV-INT;Intermediates;DAHER;HRH-SLICE;;
M202005;BW00379;BOM-M202005-01;16.9200000000000000;1.0000000000000000;mm;1;Casablanca;INV-INT;Intermediates;DAHER;HRH-SLICE;;
M202006;BW00379;BOM_M202006-01;21.9200000000000000;1.0000000000000000;mm;1;Casablanca;INV-INT;Intermediates;DAHER;HRH-SLICE;;
M202007;BW00378;BOM_M202007-01;17.0000000000000000;1.0000000000000000;mm;1;Casablanca;INV-INT;Intermediates;DAHER;HRH-SLICE;;
M202008;BW00175;BOM_M202008-01;22.3680000000000000;1.0000000000000000;mm;1;Casablanca;INV-INT;Intermediates;DAHER;HRH-SLICE;;
M202009;BW00186;BOM_M202009-01;11.9200000000000000;1.0000000000000000;mm;1;Casablanca;INV-INT;Intermediates;DAHER;HRH-SLICE;;
M202010;BW00186;BOM_M202010-01;16.9200000000000000;1.0000000000000000;mm;1;Casablanca;INV-INT;Intermediates;DAHER;HRH-SLICE;;
M202011;BW00186;BOM_M202011-01;21.9200000000000000;1.0000000000000000;mm;1;Casablanca;INV-INT;Intermediates;DAHER;HRH-SLICE;;
M202050;BW00354;BOM-M202050_01;11.3200000000000000;1.0000000000000000;mm;1;Casablanca;INV-FG;Finished Goods;DAHER;HRH-SLICE;;
M202051;BW00228;BOM-M202051_01;11.3200000000000000;1.0000000000000000;mm;1;Casablanca;INV-FG;Finished Goods;DAHER;HRH-SLICE;;
M202052;BW00354;bom-M202052_01;16.3200000000000000;1.0000000000000000;mm;1;Casablanca;INV-FG;Finished Goods;DAHER;HRH-SLICE;;
M202053;BW00354;BOM-M202053_01;21.3200000000000000;1.0000000000000000;mm;1;Casablanca;INV-FG;Finished Goods;DAHER;HRH-SLICE;;
M206300;BW00126;BOM-M206300_01;56.7000000000000000;1.0000000000000000;mm;1;Casablanca;INV-INT;Intermediates;DAHER;HRH-SLICE;;
M206301;BW00128;BOM-M206301_01;53.1250000000000000;1.0000000000000000;mm;1;Casablanca;INV-INT;Intermediates;DAHER;HRH-SLICE;;
M206302;BW00126;BOM-M206302_01;65.4000000000000000;1.0000000000000000;mm;1;Casablanca;INV-INT;Intermediates;DAHER;HRH-SLICE;;
M206304;BW00278;BOM-M206304_01;46.6600000000000000;1.0000000000000000;mm;1;Casablanca;INV-INT;Intermediates;DAHER;HRH-SLICE;;
M206306;BW00198;BOM-M206306_01;29.7900000000000000;1.0000000000000000;mm;1;Casablanca;INV-INT;Intermediates;DAHER;HRH-SLICE;;
M206308;BW00198;BOM-M206308_01;41.4800000000000000;1.0000000000000000;mm;1;Casablanca;INV-INT;Intermediates;DAHER;HRH-SLICE;;
M206900;BW00389;BOM_M206900_03;20.8500000000000000;1.0000000000000000;mm;1;Casablanca;INV-INT;Intermediates;DAHER;HRH-SLICE;;
M290032;M200032;BOM_M290032;1.0000000000000000;1.0000000000000000;Pcs;1;Casablanca;INV-FG;Finished Goods;DAHER;HRH-SLICE;;
M290032;BW00065;BOM_M200032_CR85;9.4200000000000000;1.0000000000000000;mm;2;Casablanca;INV-FG;Finished Goods;DAHER;HRH-SLICE;;
M290033;M200033;BOM_M290033;1.0000000000000000;1.0000000000000000;Pcs;1;Casablanca;INV-FG;Finished Goods;DAHER;HRH-SLICE;;
M290033;BW00228;BOM_M2000133-08;10.3200000000000000;1.0000000000000000;mm;2;Casablanca;INV-FG;Finished Goods;DAHER;HRH-SLICE;;
M290035;M200035;BOM_M290035;1.0000000000000000;1.0000000000000000;Pcs;1;Casablanca;INV-FG;Finished Goods;DAHER;HRH-SLICE;;
M290035;BW00228;BOM-M200035-08;11.3200000000000000;1.0000000000000000;mm;2;Casablanca;INV-FG;Finished Goods;DAHER;HRH-SLICE;;
M290038;M200038;BOM_M290038;1.0000000000000000;1.0000000000000000;Pcs;1;Casablanca;INV-FG;Finished Goods;DAHER;HRH-SLICE;;
M290038;BW00185;BOM_M200038_CR85;15.3200000000000000;1.0000000000000000;mm;2;Casablanca;INV-FG;Finished Goods;DAHER;HRH-SLICE;;
M290039;M200181;BOM_M290039;1.0000000000000000;1.0000000000000000;Pcs;1;Casablanca;INV-FG;Finished Goods;DAHER;Cov Slice;;
M290039;BW00353;BOM_M200181_CR85_2;15.3200000000000000;1.0000000000000000;mm;2;Casablanca;INV-FG;Finished Goods;DAHER;Cov Slice;;
M290040;M200040;BOM_M290040;1.0000000000000000;1.0000000000000000;Pcs;1;Casablanca;INV-FG;Finished Goods;DAHER;Cov Slice;;
M290040;BW00065;BOM_M200040-01;17.2000000000000000;1.0000000000000000;mm;2;Casablanca;INV-FG;Finished Goods;DAHER;Cov Slice;;
M290042;M200042;BOM_M290042;1.0000000000000000;1.0000000000000000;Pcs;1;Casablanca;INV-FG;Finished Goods;DAHER;HRH-SLICE;;
M290042;BW00227;BOM_M200042-02;26.5300000000000000;1.0000000000000000;mm;2;Casablanca;INV-FG;Finished Goods;DAHER;HRH-SLICE;;
M290181;M200181;BOM_M290181;1.0000000000000000;1.0000000000000000;Pcs;1;Casablanca;INV-FG;Finished Goods;DAHER;HRH-SLICE;;
M290181;BW00353;BOM_M200181_CR85_2;15.3200000000000000;1.0000000000000000;mm;2;Casablanca;INV-FG;Finished Goods;DAHER;HRH-SLICE;;
M290182;M200182;BOM_M290182-01;1.0000000000000000;1.0000000000000000;Pcs;1;Casablanca;INV-FG;Finished Goods;DAHER;Cov Slice;;
M290182;BW00228;BOM_M200182-02;6.9200000000000000;1.0000000000000000;mm;2;Casablanca;INV-FG;Finished Goods;DAHER;Cov Slice;;
M290183;M200183;BOM_M290183;1.0000000000000000;1.0000000000000000;Pcs;1;Casablanca;INV-FG;Finished Goods;DAHER;HRH-SLICE;;
M290183;BW00354;BOM_M200183_CR85;15.3200000000000000;1.0000000000000000;mm;2;Casablanca;INV-FG;Finished Goods;DAHER;HRH-SLICE;;
M290184;M200184;BOM_M290184;1.0000000000000000;1.0000000000000000;Pcs;1;Casablanca;INV-FG;Finished Goods;DAHER;Cov Slice;;
M290184;BW00065;BOM_M200184-01;17.9200000000000000;1.0000000000000000;mm;2;Casablanca;INV-FG;Finished Goods;DAHER;Cov Slice;;
M290188;M200188;BOM_M290188-01;1.0000000000000000;1.0000000000000000;Pcs;1;Casablanca;INV-INT;Intermediates;DAHER;HRH-SLICE;;
M290188;BW00065;BOM_M200188-01;15.6000000000000000;1.0000000000000000;mm;2;Casablanca;INV-INT;Intermediates;DAHER;HRH-SLICE;;
M306900;M206900;BOM_M306900-02;1.0000000000000000;1.0000000000000000;Pcs;1;Casablanca;INV-INT;Intermediates;DAHER;HRH-Manual;;
M306900;BW00389;BOM_M206900_03;20.8500000000000000;1.0000000000000000;mm;2;Casablanca;INV-INT;Intermediates;DAHER;HRH-Manual;;
M306900;BW00389;BOM_M206900_03;20.8500000000000000;1.0000000000000000;mm;2;Casablanca;INV-INT;Intermediates;DAHER;HRH-Manual;;
M306901;M206900;BOM_M306901-01;0.1000000000000000;1.0000000000000000;Pcs;1;Casablanca;INV-INT;Intermediates;DAHER;HRH-Manual;;
M306901;BW00389;BOM_M206900_03;20.8500000000000000;1.0000000000000000;mm;2;Casablanca;INV-INT;Intermediates;DAHER;HRH-Manual;;
M306902;M206900;BOM_M306902-02;1.0000000000000000;1.0000000000000000;Pcs;1;Casablanca;INV-INT;Intermediates;DAHER;HRH-Manual;;
M306902;BW00389;BOM_M206900_03;20.8500000000000000;1.0000000000000000;mm;2;Casablanca;INV-INT;Intermediates;DAHER;HRH-Manual;;
M306902;BW00389;BOM_M206900_03;20.8500000000000000;1.0000000000000000;mm;2;Casablanca;INV-INT;Intermediates;DAHER;HRH-Manual;;
M306903;M206900;BOM_M306903-01;0.1000000000000000;1.0000000000000000;Pcs;1;Casablanca;INV-INT;Intermediates;DAHER;HRH-Manual;;
M306903;BW00389;BOM_M206900_03;20.8500000000000000;1.0000000000000000;mm;2;Casablanca;INV-INT;Intermediates;DAHER;HRH-Manual;;
M306904;M206900;BOM_M306904-01;1.0000000000000000;1.0000000000000000;Pcs;1;Casablanca;INV-INT;Intermediates;DAHER;HRH-Manual;;
M306904;BW00389;BOM_M206900_03;20.8500000000000000;1.0000000000000000;mm;2;Casablanca;INV-INT;Intermediates;DAHER;HRH-Manual;;
M306905;M206900;BOM_M306905-01;1.0000000000000000;1.0000000000000000;Pcs;1;Casablanca;INV-INT;Intermediates;DAHER;HRH-Manual;;
M306905;BW00389;BOM_M206900_03;20.8500000000000000;1.0000000000000000;mm;2;Casablanca;INV-INT;Intermediates;DAHER;HRH-Manual;;
M306906;M206900;BOM_M306906-01;1.0000000000000000;1.0000000000000000;Pcs;1;Casablanca;INV-INT;Intermediates;DAHER;HRH-Manual;;
M306906;BW00389;BOM_M206900_03;20.8500000000000000;1.0000000000000000;mm;2;Casablanca;INV-INT;Intermediates;DAHER;HRH-Manual;;
M306907;M206900;BOM_M306907-01;1.0000000000000000;1.0000000000000000;Pcs;1;Casablanca;INV-INT;Intermediates;DAHER;HRH-Manual;;
M306907;BW00389;BOM_M206900_03;20.8500000000000000;1.0000000000000000;mm;2;Casablanca;INV-INT;Intermediates;DAHER;HRH-Manual;;
M400001;M500272;BOM-M400001-01;1.0000000000000000;1.0000000000000000;EA;1;Casablanca;INV-FG;Finished Goods;DAHER;Cov FG;;
M400001;M500274;BOM-M400001-01;1.0000000000000000;1.0000000000000000;EA;1;Casablanca;INV-FG;Finished Goods;DAHER;Cov FG;;
M400001;M500273;BOM-M400001-01;1.0000000000000000;1.0000000000000000;EA;1;Casablanca;INV-FG;Finished Goods;DAHER;Cov FG;;
M400001;M200004;BOM_M500273_01;0.1300000000000000;1.0000000000000000;Pcs;2;Casablanca;INV-FG;Finished Goods;DAHER;Cov FG;;
M400001;M200008;BOM_M500274_01;0.2600000000000000;1.0000000000000000;Pcs;2;Casablanca;INV-FG;Finished Goods;DAHER;Cov FG;;
M400001;M200002;BOM_M500272_01;0.1300000000000000;1.0000000000000000;Pcs;2;Casablanca;INV-FG;Finished Goods;DAHER;Cov FG;;
M400002;M500275;BOM-M400002-01;1.0000000000000000;1.0000000000000000;EA;1;Casablanca;INV-FG;Finished Goods;DAHER;Cov FG;;
M400002;M500276;BOM-M400002-01;1.0000000000000000;1.0000000000000000;EA;1;Casablanca;INV-FG;Finished Goods;DAHER;Cov FG;;
M400002;M500277;BOM-M400002-01;1.0000000000000000;1.0000000000000000;EA;1;Casablanca;INV-FG;Finished Goods;DAHER;Cov FG;;
M400002;M500278;BOM-M400002-01;1.0000000000000000;1.0000000000000000;EA;1;Casablanca;INV-FG;Finished Goods;DAHER;Cov FG;;
M400002;C108140;BOM_M500275_01;0.5200000000000000;1.0000000000000000;Pcs;2;Casablanca;INV-FG;Finished Goods;DAHER;Cov FG;;
M400002;C108140;BOM_M500276_01;0.0900000000000000;1.0000000000000000;Pcs;2;Casablanca;INV-FG;Finished Goods;DAHER;Cov FG;;
M400002;C108140;BOM_M500277_01;0.5200000000000000;1.0000000000000000;Pcs;2;Casablanca;INV-FG;Finished Goods;DAHER;Cov FG;;
M400002;C108140;BOM_M500278_01;0.1700000000000000;1.0000000000000000;Pcs;2;Casablanca;INV-FG;Finished Goods;DAHER;Cov FG;;
M400200;M500300;BOM_M400200-01;1.0000000000000000;1.0000000000000000;EA;1;Casablanca;INV-FG;Finished Goods;DAHER;Cov FG;;
M400200;M500301;BOM_M400200-01;1.0000000000000000;1.0000000000000000;EA;1;Casablanca;INV-FG;Finished Goods;DAHER;Cov FG;;
M400200;M200042;BOM_M500300-01;0.1000000000000000;1.0000000000000000;Pcs;2;Casablanca;INV-FG;Finished Goods;DAHER;Cov FG;;
M400200;M200042;BOM_M500301-02;0.9000000000000000;1.0000000000000000;Pcs;2;Casablanca;INV-FG;Finished Goods;DAHER;Cov FG;;
M400201;M500302;BOM_M400201-01;1.0000000000000000;1.0000000000000000;EA;1;Casablanca;INV-FG;Finished Goods;DAHER;Cov FG;;
M400201;M500303;BOM_M400201-01;1.0000000000000000;1.0000000000000000;EA;1;Casablanca;INV-FG;Finished Goods;DAHER;Cov FG;;
M400201;M200042;BOM_M500302-01;0.1000000000000000;1.0000000000000000;Pcs;2;Casablanca;INV-FG;Finished Goods;DAHER;Cov FG;;
M400201;M200042;BOM_M500303-02;0.9000000000000000;1.0000000000000000;Pcs;2;Casablanca;INV-FG;Finished Goods;DAHER;Cov FG;;
M400228;M500332;BOM_M400228-01;1.0000000000000000;1.0000000000000000;EA;1;Casablanca;INV-FG;Finished Goods;DAHER;Cov FG;;
M400228;M500334;BOM_M400228-01;1.0000000000000000;1.0000000000000000;EA;1;Casablanca;INV-FG;Finished Goods;DAHER;Cov FG;;
M400228;M500336;BOM_M400228-01;1.0000000000000000;1.0000000000000000;EA;1;Casablanca;INV-FG;Finished Goods;DAHER;Cov FG;;
M400228;M500338;BOM_M400228-01;1.0000000000000000;1.0000000000000000;EA;1;Casablanca;INV-FG;Finished Goods;DAHER;Cov FG;;
M400228;M500340;BOM_M400228-01;1.0000000000000000;1.0000000000000000;EA;1;Casablanca;INV-FG;Finished Goods;DAHER;Cov FG;;
M400228;M500342;BOM_M400228-01;1.0000000000000000;1.0000000000000000;EA;1;Casablanca;INV-FG;Finished Goods;DAHER;Cov FG;;
M400228;M500344;BOM_M400228-01;1.0000000000000000;1.0000000000000000;EA;1;Casablanca;INV-FG;Finished Goods;DAHER;Cov FG;;
M400228;M500346;BOM_M400228-01;1.0000000000000000;1.0000000000000000;EA;1;Casablanca;INV-FG;Finished Goods;DAHER;Cov FG;;
M400228;M500348;BOM_M400228-01;1.0000000000000000;1.0000000000000000;EA;1;Casablanca;INV-FG;Finished Goods;DAHER;Cov FG;;
M400228;M200183;BOM_M500342-01;0.0300000000000000;1.0000000000000000;Pcs;2;Casablanca;INV-FG;Finished Goods;DAHER;Cov FG;;
M400228;M200183;BOM_M500344-01;0.0300000000000000;1.0000000000000000;Pcs;2;Casablanca;INV-FG;Finished Goods;DAHER;Cov FG;;
M400228;M200183;BOM_M500332-02;0.0200000000000000;1.0000000000000000;Pcs;2;Casablanca;INV-FG;Finished Goods;DAHER;Cov FG;;
M400228;M200183;BOM_M500334-02;0.0100000000000000;1.0000000000000000;Pcs;2;Casablanca;INV-FG;Finished Goods;DAHER;Cov FG;;
M400228;M200183;BOM_M500336-02;0.0200000000000000;1.0000000000000000;Pcs;2;Casablanca;INV-FG;Finished Goods;DAHER;Cov FG;;
M400228;M200183;BOM_M500338-02;0.0200000000000000;1.0000000000000000;Pcs;2;Casablanca;INV-FG;Finished Goods;DAHER;Cov FG;;
M400228;M200183;BOM_M500340-02;0.0200000000000000;1.0000000000000000;Pcs;2;Casablanca;INV-FG;Finished Goods;DAHER;Cov FG;;
M400228;M200183;BOM_M500346-02;0.0300000000000000;1.0000000000000000;Pcs;2;Casablanca;INV-FG;Finished Goods;DAHER;Cov FG;;
M400228;M200183;BOM_M500348-02;0.0200000000000000;1.0000000000000000;Pcs;2;Casablanca;INV-FG;Finished Goods;DAHER;Cov FG;;
M400229;M500353;BOM_M400229-01;1.0000000000000000;1.0000000000000000;EA;1;Casablanca;INV-FG;Finished Goods;DAHER;Cov FG;;
M400229;M500335;BOM_M400229-01;1.0000000000000000;1.0000000000000000;EA;1;Casablanca;INV-FG;Finished Goods;DAHER;Cov FG;;
M400229;M500337;BOM_M400229-01;1.0000000000000000;1.0000000000000000;EA;1;Casablanca;INV-FG;Finished Goods;DAHER;Cov FG;;
M400229;M500339;BOM_M400229-01;1.0000000000000000;1.0000000000000000;EA;1;Casablanca;INV-FG;Finished Goods;DAHER;Cov FG;;
M400229;M500341;BOM_M400229-01;1.0000000000000000;1.0000000000000000;EA;1;Casablanca;INV-FG;Finished Goods;DAHER;Cov FG;;
M400229;M500343;BOM_M400229-01;1.0000000000000000;1.0000000000000000;EA;1;Casablanca;INV-FG;Finished Goods;DAHER;Cov FG;;
M400229;M500345;BOM_M400229-01;1.0000000000000000;1.0000000000000000;EA;1;Casablanca;INV-FG;Finished Goods;DAHER;Cov FG;;
M400229;M500347;BOM_M400229-01;1.0000000000000000;1.0000000000000000;EA;1;Casablanca;INV-FG;Finished Goods;DAHER;Cov FG;;
M400229;M500349;BOM_M400229-01;1.0000000000000000;1.0000000000000000;EA;1;Casablanca;INV-FG;Finished Goods;DAHER;Cov FG;;
M400229;M200183;BOM_M500343-01;0.0300000000000000;1.0000000000000000;Pcs;2;Casablanca;INV-FG;Finished Goods;DAHER;Cov FG;;
M400229;M200183;BOM_M500345-01;0.0300000000000000;1.0000000000000000;Pcs;2;Casablanca;INV-FG;Finished Goods;DAHER;Cov FG;;
M400229;M200183;BOM_M500353-02;0.0200000000000000;1.0000000000000000;Pcs;2;Casablanca;INV-FG;Finished Goods;DAHER;Cov FG;;
M400229;M200183;BOM_M500335-02;0.0100000000000000;1.0000000000000000;Pcs;2;Casablanca;INV-FG;Finished Goods;DAHER;Cov FG;;
M400229;M200183;BOM_M500336-02;0.0200000000000000;1.0000000000000000;Pcs;2;Casablanca;INV-FG;Finished Goods;DAHER;Cov FG;;
M400229;M200183;BOM_M500339-02;0.0200000000000000;1.0000000000000000;Pcs;2;Casablanca;INV-FG;Finished Goods;DAHER;Cov FG;;
M400229;M200183;BOM_M500341-02;0.0200000000000000;1.0000000000000000;Pcs;2;Casablanca;INV-FG;Finished Goods;DAHER;Cov FG;;
M400229;M200183;BOM_M500347-02;0.0300000000000000;1.0000000000000000;Pcs;2;Casablanca;INV-FG;Finished Goods;DAHER;Cov FG;;
M400229;M200183;BOM_M500349-02;0.0200000000000000;1.0000000000000000;Pcs;2;Casablanca;INV-FG;Finished Goods;DAHER;Cov FG;;
M400230;M500354;BOM_M400230-01;1.0000000000000000;1.0000000000000000;EA;1;Casablanca;INV-FG;Finished Goods;DAHER;Cov FG;;
M400230;M500356;BOM_M400230-01;1.0000000000000000;1.0000000000000000;EA;1;Casablanca;INV-FG;Finished Goods;DAHER;Cov FG;;
M400230;M500358;BOM_M400230-01;1.0000000000000000;1.0000000000000000;EA;1;Casablanca;INV-FG;Finished Goods;DAHER;Cov FG;;
M400230;M500360;BOM_M400230-01;1.0000000000000000;1.0000000000000000;EA;1;Casablanca;INV-FG;Finished Goods;DAHER;Cov FG;;
M400230;M500340;BOM_M400230-01;1.0000000000000000;1.0000000000000000;EA;1;Casablanca;INV-FG;Finished Goods;DAHER;Cov FG;;
M400230;M500362;BOM_M400230-01;1.0000000000000000;1.0000000000000000;EA;1;Casablanca;INV-FG;Finished Goods;DAHER;Cov FG;;
M400230;M500344;BOM_M400230-01;1.0000000000000000;1.0000000000000000;EA;1;Casablanca;INV-FG;Finished Goods;DAHER;Cov FG;;
M400230;M500346;BOM_M400230-01;1.0000000000000000;1.0000000000000000;EA;1;Casablanca;INV-FG;Finished Goods;DAHER;Cov FG;;
M400230;M500348;BOM_M400230-01;1.0000000000000000;1.0000000000000000;EA;1;Casablanca;INV-FG;Finished Goods;DAHER;Cov FG;;
M400230;M200183;BOM_M500344-01;0.0300000000000000;1.0000000000000000;Pcs;2;Casablanca;INV-FG;Finished Goods;DAHER;Cov FG;;
M400230;M200183;BOM_M500354-01;0.0300000000000000;1.0000000000000000;Pcs;2;Casablanca;INV-FG;Finished Goods;DAHER;Cov FG;;
M400230;M200183;BOM_M500356-01;0.0200000000000000;1.0000000000000000;Pcs;2;Casablanca;INV-FG;Finished Goods;DAHER;Cov FG;;
M400230;M200183;BOM_M500358-01;0.0300000000000000;1.0000000000000000;Pcs;2;Casablanca;INV-FG;Finished Goods;DAHER;Cov FG;;
M400230;M200183;BOM_M500360-01;0.0300000000000000;1.0000000000000000;Pcs;2;Casablanca;INV-FG;Finished Goods;DAHER;Cov FG;;
M400230;M200183;BOM_M500362;0.0300000000000000;1.0000000000000000;Pcs;2;Casablanca;INV-FG;Finished Goods;DAHER;Cov FG;;
M400230;M200183;BOM_M500340-02;0.0200000000000000;1.0000000000000000;Pcs;2;Casablanca;INV-FG;Finished Goods;DAHER;Cov FG;;
M400230;M200183;BOM_M500346-02;0.0300000000000000;1.0000000000000000;Pcs;2;Casablanca;INV-FG;Finished Goods;DAHER;Cov FG;;
M400230;M200183;BOM_M500348-02;0.0200000000000000;1.0000000000000000;Pcs;2;Casablanca;INV-FG;Finished Goods;DAHER;Cov FG;;
M400231;M500355;BOM_M400231-01;1.0000000000000000;1.0000000000000000;EA;1;Casablanca;INV-FG;Finished Goods;DAHER;Cov FG;;
M400231;M500357;BOM_M400231-01;1.0000000000000000;1.0000000000000000;EA;1;Casablanca;INV-FG;Finished Goods;DAHER;Cov FG;;
M400231;M500359;BOM_M400231-01;1.0000000000000000;1.0000000000000000;EA;1;Casablanca;INV-FG;Finished Goods;DAHER;Cov FG;;
M400231;M500341;BOM_M400231-01;1.0000000000000000;1.0000000000000000;EA;1;Casablanca;INV-FG;Finished Goods;DAHER;Cov FG;;
M400231;M500363;BOM_M400231-01;1.0000000000000000;1.0000000000000000;EA;1;Casablanca;INV-FG;Finished Goods;DAHER;Cov FG;;
M400231;M500345;BOM_M400231-01;1.0000000000000000;1.0000000000000000;EA;1;Casablanca;INV-FG;Finished Goods;DAHER;Cov FG;;
M400231;M500347;BOM_M400231-01;1.0000000000000000;1.0000000000000000;EA;1;Casablanca;INV-FG;Finished Goods;DAHER;Cov FG;;
M400231;M500349;BOM_M400231-01;1.0000000000000000;1.0000000000000000;EA;1;Casablanca;INV-FG;Finished Goods;DAHER;Cov FG;;
M400231;M500361;BOM_M400231-01;1.0000000000000000;1.0000000000000000;EA;1;Casablanca;INV-FG;Finished Goods;DAHER;Cov FG;;
M400231;M200183;BOM_M500345-01;0.0300000000000000;1.0000000000000000;Pcs;2;Casablanca;INV-FG;Finished Goods;DAHER;Cov FG;;
M400231;M200183;BOM_M500363-01;0.0300000000000000;1.0000000000000000;Pcs;2;Casablanca;INV-FG;Finished Goods;DAHER;Cov FG;;
M400231;M200183;BOM_M500355-01;0.0300000000000000;1.0000000000000000;Pcs;2;Casablanca;INV-FG;Finished Goods;DAHER;Cov FG;;
M400231;M200183;BOM_M500357-01;0.0200000000000000;1.0000000000000000;Pcs;2;Casablanca;INV-FG;Finished Goods;DAHER;Cov FG;;
M400231;M200183;BOM_M500359-01;0.0300000000000000;1.0000000000000000;Pcs;2;Casablanca;INV-FG;Finished Goods;DAHER;Cov FG;;
M400231;M200183;BOM_M500361-01;0.0300000000000000;1.0000000000000000;Pcs;2;Casablanca;INV-FG;Finished Goods;DAHER;Cov FG;;
M400231;M200183;BOM_M500341-02;0.0200000000000000;1.0000000000000000;Pcs;2;Casablanca;INV-FG;Finished Goods;DAHER;Cov FG;;
M400231;M200183;BOM_M500347-02;0.0300000000000000;1.0000000000000000;Pcs;2;Casablanca;INV-FG;Finished Goods;DAHER;Cov FG;;
M400231;M200183;BOM_M500349-02;0.0200000000000000;1.0000000000000000;Pcs;2;Casablanca;INV-FG;Finished Goods;DAHER;Cov FG;;
M400555;M505165;BOM-M400555_01;1.0000000000000000;1.0000000000000000;EA;1;Casablanca;INV-FG;Finished Goods;DAHER;HRH-Manual;;
M400555;M505167;BOM-M400555_01;1.0000000000000000;1.0000000000000000;EA;1;Casablanca;INV-FG;Finished Goods;DAHER;HRH-Manual;;
M400555;M202051;BOM_M505165-01;8.7975000000000000;100.0000000000000000;Pcs;2;Casablanca;INV-FG;Finished Goods;DAHER;HRH-Manual;;
M400555;M202050;BOM_M505167-01;2.8659000000000000;100.0000000000000000;Pcs;2;Casablanca;INV-FG;Finished Goods;DAHER;HRH-Manual;;
M500131;C108140;BOM-M500131-01;0.0500000000000000;1.0000000000000000;Pcs;1;Casablanca;INV-INT;Intermediates;DAHER;HRH-Manual;;
M500132;M200002;BOM-M500132-01;0.0300000000000000;1.0000000000000000;Pcs;1;Casablanca;INV-INT;Intermediates;DAHER;HRH-Manual;;
M500132;BW00376;BOM_M200002_01;27.3200000000000000;1.0000000000000000;mm;2;Casablanca;INV-INT;Intermediates;DAHER;HRH-Manual;;
M500133;M200004;BOM-M500133-01;0.0300000000000000;1.0000000000000000;Pcs;1;Casablanca;INV-INT;Intermediates;DAHER;HRH-Manual;;
M500133;BW00376;BOM_M200004_01;24.1450000000000000;1.0000000000000000;mm;2;Casablanca;INV-INT;Intermediates;DAHER;HRH-Manual;;
M500134;M200008;BOM-M500134-01;0.0300000000000000;1.0000000000000000;Pcs;1;Casablanca;INV-INT;Intermediates;DAHER;HRH-Manual;;
M500134;BW00375;BOM_M200008_01;17.7950000000000000;1.0000000000000000;mm;2;Casablanca;INV-INT;Intermediates;DAHER;HRH-Manual;;
M500272;M200002;BOM_M500272_01;0.1300000000000000;1.0000000000000000;Pcs;1;Casablanca;INV-INT;Intermediates;DAHER;HRH-Manual;;
M500272;BW00376;BOM_M200002_01;27.3200000000000000;1.0000000000000000;mm;2;Casablanca;INV-INT;Intermediates;DAHER;HRH-Manual;;
M500273;M200004;BOM_M500273_01;0.1300000000000000;1.0000000000000000;Pcs;1;Casablanca;INV-INT;Intermediates;DAHER;HRH-Manual;;
M500273;BW00376;BOM_M200004_01;24.1450000000000000;1.0000000000000000;mm;2;Casablanca;INV-INT;Intermediates;DAHER;HRH-Manual;;
M500274;M200008;BOM_M500274_01;0.2600000000000000;1.0000000000000000;Pcs;1;Casablanca;INV-INT;Intermediates;DAHER;HRH-Manual;;
M500274;BW00375;BOM_M200008_01;17.7950000000000000;1.0000000000000000;mm;2;Casablanca;INV-INT;Intermediates;DAHER;HRH-Manual;;
M500275;C108140;BOM_M500275_01;0.5200000000000000;1.0000000000000000;Pcs;1;Casablanca;INV-INT;Intermediates;DAHER;HRH-Manual;;
M500276;C108140;BOM_M500276_01;0.0900000000000000;1.0000000000000000;Pcs;1;Casablanca;INV-INT;Intermediates;DAHER;HRH-Manual;;
M500277;C108140;BOM_M500277_01;0.5200000000000000;1.0000000000000000;Pcs;1;Casablanca;INV-INT;Intermediates;DAHER;HRH-Manual;;
M500278;C108140;BOM_M500278_01;0.1700000000000000;1.0000000000000000;Pcs;1;Casablanca;INV-INT;Intermediates;DAHER;HRH-Manual;;
M500300;M200042;BOM_M500300-01;0.1000000000000000;1.0000000000000000;Pcs;1;Casablanca;INV-FG;Finished Goods;DAHER;HRH-Manual;;
M500300;BW00227;BOM_M200042-02;26.5300000000000000;1.0000000000000000;mm;2;Casablanca;INV-FG;Finished Goods;DAHER;HRH-Manual;;
M500301;M200042;BOM_M500301-02;0.9000000000000000;1.0000000000000000;Pcs;1;Casablanca;INV-FG;Finished Goods;DAHER;HRH-Manual;;
M500301;M200042;BOM_M500300-01;0.1000000000000000;1.0000000000000000;Pcs;2;Casablanca;INV-FG;Finished Goods;DAHER;HRH-Manual;;
M500301;BW00227;BOM_M200042-02;26.5300000000000000;1.0000000000000000;mm;2;Casablanca;INV-FG;Finished Goods;DAHER;HRH-Manual;;
M500301;BW00227;BOM_M200042-02;26.5300000000000000;1.0000000000000000;mm;2;Casablanca;INV-FG;Finished Goods;DAHER;HRH-Manual;;
M500302;M200042;BOM_M500302-01;0.1000000000000000;1.0000000000000000;Pcs;1;Casablanca;INV-FG;Finished Goods;DAHER;HRH-Manual;;
M500302;BW00227;BOM_M200042-02;26.5300000000000000;1.0000000000000000;mm;2;Casablanca;INV-FG;Finished Goods;DAHER;HRH-Manual;;
M500303;M200042;BOM_M500303-02;0.9000000000000000;1.0000000000000000;Pcs;1;Casablanca;INV-FG;Finished Goods;DAHER;HRH-Manual;;
M500303;M200042;BOM_M500302-01;0.1000000000000000;1.0000000000000000;Pcs;2;Casablanca;INV-FG;Finished Goods;DAHER;HRH-Manual;;
M500303;BW00227;BOM_M200042-02;26.5300000000000000;1.0000000000000000;mm;2;Casablanca;INV-FG;Finished Goods;DAHER;HRH-Manual;;
M500303;BW00227;BOM_M200042-02;26.5300000000000000;1.0000000000000000;mm;2;Casablanca;INV-FG;Finished Goods;DAHER;HRH-Manual;;
M500304;M200033;BOM_M500304-01;0.5000000000000000;1.0000000000000000;Pcs;1;Casablanca;INV-FG;Finished Goods;DAHER;Cov FG;;
M500304;BW00228;BOM_M2000133-08;10.3200000000000000;1.0000000000000000;mm;2;Casablanca;INV-FG;Finished Goods;DAHER;Cov FG;;
M500305;M200035;BOM_M500305-01;0.5000000000000000;1.0000000000000000;Pcs;1;Casablanca;INV-FG;Finished Goods;DAHER;Cov FG;;
M500305;BW00228;BOM-M200035-08;11.3200000000000000;1.0000000000000000;mm;2;Casablanca;INV-FG;Finished Goods;DAHER;Cov FG;;
M500306;M200035;BOM_M500306-02;0.5000000000000000;1.0000000000000000;Pcs;1;Casablanca;INV-FG;Finished Goods;DAHER;Cov FG;;
M500306;C107478;BOM_M200036-06 BLOC  C107478;0.4567000000000000;1.0000000000000000;in;2;Casablanca;INV-FG;Finished Goods;DAHER;Cov FG;;
M500306;BW00228;BOM-M200035-08;11.3200000000000000;1.0000000000000000;mm;2;Casablanca;INV-FG;Finished Goods;DAHER;Cov FG;;
M500307;M200035;BOM_M500307-04;0.0238000000000000;1.0000000000000000;Pcs;1;Casablanca;INV-FG;Finished Goods;DAHER;Cov FG;;
M500307;C107478;BOM_M200036-06 BLOC  C107478;0.4567000000000000;1.0000000000000000;in;2;Casablanca;INV-FG;Finished Goods;DAHER;Cov FG;;
M500307;BW00049;BOM_M200034-05;11.6000000000000000;1.0000000000000000;mm;2;Casablanca;INV-FG;Finished Goods;DAHER;Cov FG;;
M500307;BW00049;BOM_M200034-05;11.6000000000000000;1.0000000000000000;mm;2;Casablanca;INV-FG;Finished Goods;DAHER;Cov FG;;
M500307;BW00228;BOM-M200035-08;11.3200000000000000;1.0000000000000000;mm;2;Casablanca;INV-FG;Finished Goods;DAHER;Cov FG;;
M500307;BW00228;BOM-M200035-08;11.3200000000000000;1.0000000000000000;mm;2;Casablanca;INV-FG;Finished Goods;DAHER;Cov FG;;
M500308;M200035;BOM_M500308-04;0.0250000000000000;1.0000000000000000;Pcs;1;Casablanca;INV-FG;Finished Goods;DAHER;Cov FG;;
M500308;C107478;BOM_M200036-06 BLOC  C107478;0.4567000000000000;1.0000000000000000;in;2;Casablanca;INV-FG;Finished Goods;DAHER;Cov FG;;
M500308;BW00049;BOM_M200034-05;11.6000000000000000;1.0000000000000000;mm;2;Casablanca;INV-FG;Finished Goods;DAHER;Cov FG;;
M500308;BW00049;BOM_M200034-05;11.6000000000000000;1.0000000000000000;mm;2;Casablanca;INV-FG;Finished Goods;DAHER;Cov FG;;
M500308;BW00228;BOM-M200035-08;11.3200000000000000;1.0000000000000000;mm;2;Casablanca;INV-FG;Finished Goods;DAHER;Cov FG;;
M500308;BW00228;BOM-M200035-08;11.3200000000000000;1.0000000000000000;mm;2;Casablanca;INV-FG;Finished Goods;DAHER;Cov FG;;
M500309;M200182;BOM_M500309-02;0.0238000000000000;1.0000000000000000;Pcs;1;Casablanca;INV-FG;Finished Goods;DAHER;Cov FG;;
M500309;BW00049;BOM_M200031-04;6.6000000000000000;1.0000000000000000;mm;2;Casablanca;INV-FG;Finished Goods;DAHER;Cov FG;;
M500309;BW00228;BOM_M200182-02;6.9200000000000000;1.0000000000000000;mm;2;Casablanca;INV-FG;Finished Goods;DAHER;Cov FG;;
M500310;M200181;BOM_M500310-03;1.0000000000000000;1.0000000000000000;Pcs;1;Casablanca;INV-INT;Intermediates;DAHER;Cov Int;;
M500310;BW00306;BOM_M200039-03;15.6000000000000000;1.0000000000000000;mm;2;Casablanca;INV-INT;Intermediates;DAHER;Cov Int;;
M500310;BW00185;BOM_M200038_CR85;15.3200000000000000;1.0000000000000000;mm;2;Casablanca;INV-INT;Intermediates;DAHER;Cov Int;;
M500310;BW00353;BOM_M200181_CR85_2;15.3200000000000000;1.0000000000000000;mm;2;Casablanca;INV-INT;Intermediates;DAHER;Cov Int;;
M500311;M200183;BOM_M500311-04;0.4000000000000000;1.0000000000000000;Pcs;1;Casablanca;INV-FG;Finished Goods;DAHER;Cov FG;;
M500311;BW00306;BOM_M200039-03;15.6000000000000000;1.0000000000000000;mm;2;Casablanca;INV-FG;Finished Goods;DAHER;Cov FG;;
M500311;BW00306;BOM_M200039-03;15.6000000000000000;1.0000000000000000;mm;2;Casablanca;INV-FG;Finished Goods;DAHER;Cov FG;;
M500311;BW00185;BOM_M200038_CR85;15.3200000000000000;1.0000000000000000;mm;2;Casablanca;INV-FG;Finished Goods;DAHER;Cov FG;;
M500311;BW00354;BOM_M200183_CR85;15.3200000000000000;1.0000000000000000;mm;2;Casablanca;INV-FG;Finished Goods;DAHER;Cov FG;;
M500312;M200032;BOM_M500312-01;0.1666000000000000;1.0000000000000000;Pcs;1;Casablanca;INV-FG;Finished Goods;DAHER;Cov FG;;
M500312;BW00065;BOM_M200032_CR85;9.4200000000000000;1.0000000000000000;mm;2;Casablanca;INV-FG;Finished Goods;DAHER;Cov FG;;
M500312;BW00065;BOM_M200032_CR85;9.4200000000000000;1.0000000000000000;mm;2;Casablanca;INV-FG;Finished Goods;DAHER;Cov FG;;
M500313;M200041;BOM_M500313-02;0.2500000000000000;1.0000000000000000;Pcs;1;Casablanca;INV-FG;Finished Goods;DAHER;Cov FG;;
M500313;BW00065;BOM_M200184-01;17.9200000000000000;1.0000000000000000;mm;2;Casablanca;INV-FG;Finished Goods;DAHER;Cov FG;;
M500313;BW00065;BOM_M200041_CR85;17.3200000000000000;1.0000000000000000;mm;2;Casablanca;INV-FG;Finished Goods;DAHER;Cov FG;;
M500313;BW00065;BOM_M200041_CR85;17.3200000000000000;1.0000000000000000;mm;2;Casablanca;INV-FG;Finished Goods;DAHER;Cov FG;;
M500314;M200183;BOM_M500314-03;0.2500000000000000;1.0000000000000000;Pcs;1;Casablanca;INV-FG;Finished Goods;DAHER;Cov FG;;
M500314;BW00320;BOM_M200037-04;15.6000000000000000;1.0000000000000000;mm;2;Casablanca;INV-FG;Finished Goods;DAHER;Cov FG;;
M500314;BW00320;BOM_M200037-04;15.6000000000000000;1.0000000000000000;mm;2;Casablanca;INV-FG;Finished Goods;DAHER;Cov FG;;
M500314;BW00354;BOM_M200183_CR85;15.3200000000000000;1.0000000000000000;mm;2;Casablanca;INV-FG;Finished Goods;DAHER;Cov FG;;
M500315;M200183;BOM_M500315-04;0.2500000000000000;1.0000000000000000;Pcs;1;Casablanca;INV-FG;Finished Goods;DAHER;Cov FG;;
M500315;BW00320;BOM_M200037-04;15.6000000000000000;1.0000000000000000;mm;2;Casablanca;INV-FG;Finished Goods;DAHER;Cov FG;;
M500315;BW00320;BOM_M200037-04;15.6000000000000000;1.0000000000000000;mm;2;Casablanca;INV-FG;Finished Goods;DAHER;Cov FG;;
M500315;BW00320;BOM_M200037-04;15.6000000000000000;1.0000000000000000;mm;2;Casablanca;INV-FG;Finished Goods;DAHER;Cov FG;;
M500315;BW00354;BOM_M200183_CR85;15.3200000000000000;1.0000000000000000;mm;2;Casablanca;INV-FG;Finished Goods;DAHER;Cov FG;;
M500316;M200040;BOM_M500316-01;0.2500000000000000;1.0000000000000000;Pcs;1;Casablanca;INV-FG;Finished Goods;DAHER;Cov FG;;
M500316;BW00065;BOM_M200040-01;17.2000000000000000;1.0000000000000000;mm;2;Casablanca;INV-FG;Finished Goods;DAHER;Cov FG;;
M500317;M200181;BOM_M500317-03;1.0000000000000000;1.0000000000000000;Pcs;1;Casablanca;INV-FG;Finished Goods;DAHER;Cov FG;;
M500317;BW00306;BOM_M200039-03;15.6000000000000000;1.0000000000000000;mm;2;Casablanca;INV-FG;Finished Goods;DAHER;Cov FG;;
M500317;BW00320;BOM_M200037-04;15.6000000000000000;1.0000000000000000;mm;2;Casablanca;INV-FG;Finished Goods;DAHER;Cov FG;;
M500317;BW00353;BOM_M200181_CR85_2;15.3200000000000000;1.0000000000000000;mm;2;Casablanca;INV-FG;Finished Goods;DAHER;Cov FG;;
M500318;M200032;BOM_M500318-02;0.1666000000000000;1.0000000000000000;Pcs;1;Casablanca;INV-FG;Finished Goods;DAHER;Cov FG;;
M500318;BW00065;BOM_M200032_CR85;9.4200000000000000;1.0000000000000000;mm;2;Casablanca;INV-FG;Finished Goods;DAHER;Cov FG;;
M500318;BW00065;BOM_M200032_CR85;9.4200000000000000;1.0000000000000000;mm;2;Casablanca;INV-FG;Finished Goods;DAHER;Cov FG;;
M500319;M200041;BOM_M500319-02;0.2500000000000000;1.0000000000000000;Pcs;1;Casablanca;INV-FG;Finished Goods;DAHER;Cov FG;;
M500319;BW00065;BOM_M200184-01;17.9200000000000000;1.0000000000000000;mm;2;Casablanca;INV-FG;Finished Goods;DAHER;Cov FG;;
M500319;BW00065;BOM_M200041_CR85;17.3200000000000000;1.0000000000000000;mm;2;Casablanca;INV-FG;Finished Goods;DAHER;Cov FG;;
M500319;BW00065;BOM_M200041_CR85;17.3200000000000000;1.0000000000000000;mm;2;Casablanca;INV-FG;Finished Goods;DAHER;Cov FG;;
M500320;M200183;BOM_M500320-03;0.2500000000000000;1.0000000000000000;Pcs;1;Casablanca;INV-FG;Finished Goods;DAHER;Cov FG;;
M500320;BW00320;BOM_M200037-04;15.6000000000000000;1.0000000000000000;mm;2;Casablanca;INV-FG;Finished Goods;DAHER;Cov FG;;
M500320;BW00320;BOM_M200037-04;15.6000000000000000;1.0000000000000000;mm;2;Casablanca;INV-FG;Finished Goods;DAHER;Cov FG;;
M500320;BW00354;BOM_M200183_CR85;15.3200000000000000;1.0000000000000000;mm;2;Casablanca;INV-FG;Finished Goods;DAHER;Cov FG;;
M500321;M200183;BOM_M500321-03;0.2500000000000000;1.0000000000000000;Pcs;1;Casablanca;INV-FG;Finished Goods;DAHER;Cov FG;;
M500321;BW00320;BOM_M200037-04;15.6000000000000000;1.0000000000000000;mm;2;Casablanca;INV-FG;Finished Goods;DAHER;Cov FG;;
M500321;BW00320;BOM_M200037-04;15.6000000000000000;1.0000000000000000;mm;2;Casablanca;INV-FG;Finished Goods;DAHER;Cov FG;;
M500321;BW00354;BOM_M200183_CR85;15.3200000000000000;1.0000000000000000;mm;2;Casablanca;INV-FG;Finished Goods;DAHER;Cov FG;;
M500322;M200040;BOM_M500322-01;0.2500000000000000;1.0000000000000000;Pcs;1;Casablanca;INV-FG;Finished Goods;DAHER;Cov FG;;
M500322;BW00065;BOM_M200040-01;17.2000000000000000;1.0000000000000000;mm;2;Casablanca;INV-FG;Finished Goods;DAHER;Cov FG;;
M500323;M200181;BOM_M500323-02;1.0000000000000000;1.0000000000000000;Pcs;1;Casablanca;INV-FG;Finished Goods;DAHER;Cov FG;;
M500323;BW00306;BOM_M200039-03;15.6000000000000000;1.0000000000000000;mm;2;Casablanca;INV-FG;Finished Goods;DAHER;Cov FG;;
M500323;BW00353;BOM_M200181_CR85_2;15.3200000000000000;1.0000000000000000;mm;2;Casablanca;INV-FG;Finished Goods;DAHER;Cov FG;;
M500324;M200042;BOM_M500324-02;0.5000000000000000;1.0000000000000000;Pcs;1;Casablanca;INV-FG;Finished Goods;DAHER;Cov FG;;
M500324;BW00227;BOM_M200042-02;26.5300000000000000;1.0000000000000000;mm;2;Casablanca;INV-FG;Finished Goods;DAHER;Cov FG;;
M500325;M200183;BOM_M500325-03;0.4000000000000000;1.0000000000000000;Pcs;1;Casablanca;INV-FG;Finished Goods;DAHER;Cov FG;;
M500325;BW00306;BOM_M200039-03;15.6000000000000000;1.0000000000000000;mm;2;Casablanca;INV-FG;Finished Goods;DAHER;Cov FG;;
M500325;BW00306;BOM_M200039-03;15.6000000000000000;1.0000000000000000;mm;2;Casablanca;INV-FG;Finished Goods;DAHER;Cov FG;;
M500325;BW00185;BOM_M200038_CR85;15.3200000000000000;1.0000000000000000;mm;2;Casablanca;INV-FG;Finished Goods;DAHER;Cov FG;;
M500325;BW00354;BOM_M200183_CR85;15.3200000000000000;1.0000000000000000;mm;2;Casablanca;INV-FG;Finished Goods;DAHER;Cov FG;;
M500326;M200183;BOM_M500326-03;0.4000000000000000;1.0000000000000000;Pcs;1;Casablanca;INV-FG;Finished Goods;DAHER;Cov FG;;
M500326;BW00306;BOM_M200039-03;15.6000000000000000;1.0000000000000000;mm;2;Casablanca;INV-FG;Finished Goods;DAHER;Cov FG;;
M500326;BW00185;BOM_M200038_CR85;15.3200000000000000;1.0000000000000000;mm;2;Casablanca;INV-FG;Finished Goods;DAHER;Cov FG;;
M500326;BW00354;BOM_M200183_CR85;15.3200000000000000;1.0000000000000000;mm;2;Casablanca;INV-FG;Finished Goods;DAHER;Cov FG;;
M500327;M200033;BOM_M500326-01;0.5000000000000000;1.0000000000000000;Pcs;1;Casablanca;INV-FG;Finished Goods;DAHER;Cov FG;;
M500327;BW00228;BOM_M2000133-08;10.3200000000000000;1.0000000000000000;mm;2;Casablanca;INV-FG;Finished Goods;DAHER;Cov FG;;
M500328;M200189;BOM_M500328-03;0.2500000000000000;1.0000000000000000;Pcs;1;Casablanca;INV-FG;Finished Goods;DAHER;Cov FG;;
M500328;BW00306;BOM_M200039-03;15.6000000000000000;1.0000000000000000;mm;2;Casablanca;INV-FG;Finished Goods;DAHER;Cov FG;;
M500328;BW00320;BOM_M200037-04;15.6000000000000000;1.0000000000000000;mm;2;Casablanca;INV-FG;Finished Goods;DAHER;Cov FG;;
M500328;BW00228;BOM_M200189-02;15.6000000000000000;1.0000000000000000;mm;2;Casablanca;INV-FG;Finished Goods;DAHER;Cov FG;;
M500328;BW00354;BOM_M200183_CR85;15.3200000000000000;1.0000000000000000;mm;2;Casablanca;INV-FG;Finished Goods;DAHER;Cov FG;;
M500329;M200188;BOM_M500329-02;0.1000000000000000;1.0000000000000000;Pcs;1;Casablanca;INV-FG;Finished Goods;DAHER;Cov FG;;
M500329;BW00320;BOM_M200037-04;15.6000000000000000;1.0000000000000000;mm;2;Casablanca;INV-FG;Finished Goods;DAHER;Cov FG;;
M500329;BW00065;BOM_M200188-01;15.6000000000000000;1.0000000000000000;mm;2;Casablanca;INV-FG;Finished Goods;DAHER;Cov FG;;
M500330;M200181;BOM_M500330-02;0.1666000000000000;1.0000000000000000;Pcs;1;Casablanca;INV-FG;Finished Goods;DAHER;Cov FG;;
M500330;BW00320;BOM_M200037-04;15.6000000000000000;1.0000000000000000;mm;2;Casablanca;INV-FG;Finished Goods;DAHER;Cov FG;;
M500330;BW00354;BOM_M200183_CR85;15.3200000000000000;1.0000000000000000;mm;2;Casablanca;INV-FG;Finished Goods;DAHER;Cov FG;;
M500330;BW00353;BOM_M200181_CR85_2;15.3200000000000000;1.0000000000000000;mm;2;Casablanca;INV-FG;Finished Goods;DAHER;Cov FG;;
M500332;M200183;BOM_M500332-02;0.0200000000000000;1.0000000000000000;Pcs;1;Casablanca;INV-FG;Finished Goods;DAHER;Cov FG;;
M500332;BW00354;BOM_M200183_CR85;15.3200000000000000;1.0000000000000000;mm;2;Casablanca;INV-FG;Finished Goods;DAHER;Cov FG;;
M500332;BW00354;BOM_M200183_CR85;15.3200000000000000;1.0000000000000000;mm;2;Casablanca;INV-FG;Finished Goods;DAHER;Cov FG;;
M500334;M200183;BOM_M500334-02;0.0100000000000000;1.0000000000000000;Pcs;1;Casablanca;INV-FG;Finished Goods;DAHER;Cov FG;;
M500334;BW00354;BOM_M200183_CR85;15.3200000000000000;1.0000000000000000;mm;2;Casablanca;INV-FG;Finished Goods;DAHER;Cov FG;;
M500334;BW00354;BOM_M200183_CR85;15.3200000000000000;1.0000000000000000;mm;2;Casablanca;INV-FG;Finished Goods;DAHER;Cov FG;;
M500335;M200183;BOM_M500335-02;0.0100000000000000;1.0000000000000000;Pcs;1;Casablanca;INV-FG;Finished Goods;DAHER;Cov FG;;
M500335;BW00354;BOM_M200183_CR85;15.3200000000000000;1.0000000000000000;mm;2;Casablanca;INV-FG;Finished Goods;DAHER;Cov FG;;
M500335;BW00354;BOM_M200183_CR85;15.3200000000000000;1.0000000000000000;mm;2;Casablanca;INV-FG;Finished Goods;DAHER;Cov FG;;
M500336;M200183;BOM_M500336-02;0.0200000000000000;1.0000000000000000;Pcs;1;Casablanca;INV-FG;Finished Goods;DAHER;Cov FG;;
M500336;BW00354;BOM_M200183_CR85;15.3200000000000000;1.0000000000000000;mm;2;Casablanca;INV-FG;Finished Goods;DAHER;Cov FG;;
M500336;BW00354;BOM_M200183_CR85;15.3200000000000000;1.0000000000000000;mm;2;Casablanca;INV-FG;Finished Goods;DAHER;Cov FG;;
M500337;M200183;BOM_M500336-02;0.0200000000000000;1.0000000000000000;Pcs;1;Casablanca;INV-FG;Finished Goods;DAHER;Cov FG;;
M500337;BW00354;BOM_M200183_CR85;15.3200000000000000;1.0000000000000000;mm;2;Casablanca;INV-FG;Finished Goods;DAHER;Cov FG;;
M500337;BW00354;BOM_M200183_CR85;15.3200000000000000;1.0000000000000000;mm;2;Casablanca;INV-FG;Finished Goods;DAHER;Cov FG;;
M500338;M200183;BOM_M500338-02;0.0200000000000000;1.0000000000000000;Pcs;1;Casablanca;INV-FG;Finished Goods;DAHER;Cov FG;;
M500338;BW00354;BOM_M200183_CR85;15.3200000000000000;1.0000000000000000;mm;2;Casablanca;INV-FG;Finished Goods;DAHER;Cov FG;;
M500338;BW00354;BOM_M200183_CR85;15.3200000000000000;1.0000000000000000;mm;2;Casablanca;INV-FG;Finished Goods;DAHER;Cov FG;;
M500339;M200183;BOM_M500339-02;0.0200000000000000;1.0000000000000000;Pcs;1;Casablanca;INV-FG;Finished Goods;DAHER;Cov FG;;
M500339;BW00354;BOM_M200183_CR85;15.3200000000000000;1.0000000000000000;mm;2;Casablanca;INV-FG;Finished Goods;DAHER;Cov FG;;
M500339;BW00354;BOM_M200183_CR85;15.3200000000000000;1.0000000000000000;mm;2;Casablanca;INV-FG;Finished Goods;DAHER;Cov FG;;
M500340;M200183;BOM_M500340-02;0.0200000000000000;1.0000000000000000;Pcs;1;Casablanca;INV-FG;Finished Goods;DAHER;Cov FG;;
M500340;BW00354;BOM_M200183_CR85;15.3200000000000000;1.0000000000000000;mm;2;Casablanca;INV-FG;Finished Goods;DAHER;Cov FG;;
M500340;BW00354;BOM_M200183_CR85;15.3200000000000000;1.0000000000000000;mm;2;Casablanca;INV-FG;Finished Goods;DAHER;Cov FG;;
M500341;M200183;BOM_M500341-02;0.0200000000000000;1.0000000000000000;Pcs;1;Casablanca;INV-FG;Finished Goods;DAHER;Cov FG;;
M500341;BW00354;BOM_M200183_CR85;15.3200000000000000;1.0000000000000000;mm;2;Casablanca;INV-FG;Finished Goods;DAHER;Cov FG;;
M500341;BW00354;BOM_M200183_CR85;15.3200000000000000;1.0000000000000000;mm;2;Casablanca;INV-FG;Finished Goods;DAHER;Cov FG;;
M500342;M200183;BOM_M500342-01;0.0300000000000000;1.0000000000000000;Pcs;1;Casablanca;INV-FG;Finished Goods;DAHER;Cov FG;;
M500342;BW00354;BOM_M200183_CR85;15.3200000000000000;1.0000000000000000;mm;2;Casablanca;INV-FG;Finished Goods;DAHER;Cov FG;;
M500343;M200183;BOM_M500343-01;0.0300000000000000;1.0000000000000000;Pcs;1;Casablanca;INV-FG;Finished Goods;DAHER;Cov FG;;
M500343;BW00354;BOM_M200183_CR85;15.3200000000000000;1.0000000000000000;mm;2;Casablanca;INV-FG;Finished Goods;DAHER;Cov FG;;
M500344;M200183;BOM_M500344-01;0.0300000000000000;1.0000000000000000;Pcs;1;Casablanca;INV-FG;Finished Goods;DAHER;Cov FG;;
M500344;BW00354;BOM_M200183_CR85;15.3200000000000000;1.0000000000000000;mm;2;Casablanca;INV-FG;Finished Goods;DAHER;Cov FG;;
M500345;M200183;BOM_M500345-01;0.0300000000000000;1.0000000000000000;Pcs;1;Casablanca;INV-FG;Finished Goods;DAHER;Cov FG;;
M500345;BW00354;BOM_M200183_CR85;15.3200000000000000;1.0000000000000000;mm;2;Casablanca;INV-FG;Finished Goods;DAHER;Cov FG;;
M500346;M200183;BOM_M500346-02;0.0300000000000000;1.0000000000000000;Pcs;1;Casablanca;INV-FG;Finished Goods;DAHER;Cov FG;;
M500346;BW00354;BOM_M200183_CR85;15.3200000000000000;1.0000000000000000;mm;2;Casablanca;INV-FG;Finished Goods;DAHER;Cov FG;;
M500346;BW00354;BOM_M200183_CR85;15.3200000000000000;1.0000000000000000;mm;2;Casablanca;INV-FG;Finished Goods;DAHER;Cov FG;;
M500347;M200183;BOM_M500347-02;0.0300000000000000;1.0000000000000000;Pcs;1;Casablanca;INV-FG;Finished Goods;DAHER;Cov FG;;
M500347;BW00354;BOM_M200183_CR85;15.3200000000000000;1.0000000000000000;mm;2;Casablanca;INV-FG;Finished Goods;DAHER;Cov FG;;
M500347;BW00354;BOM_M200183_CR85;15.3200000000000000;1.0000000000000000;mm;2;Casablanca;INV-FG;Finished Goods;DAHER;Cov FG;;
M500348;M200183;BOM_M500348-02;0.0200000000000000;1.0000000000000000;Pcs;1;Casablanca;INV-FG;Finished Goods;DAHER;Cov FG;;
M500348;BW00354;BOM_M200183_CR85;15.3200000000000000;1.0000000000000000;mm;2;Casablanca;INV-FG;Finished Goods;DAHER;Cov FG;;
M500348;BW00354;BOM_M200183_CR85;15.3200000000000000;1.0000000000000000;mm;2;Casablanca;INV-FG;Finished Goods;DAHER;Cov FG;;
M500349;M200183;BOM_M500349-02;0.0200000000000000;1.0000000000000000;Pcs;1;Casablanca;INV-FG;Finished Goods;DAHER;Cov FG;;
M500349;BW00354;BOM_M200183_CR85;15.3200000000000000;1.0000000000000000;mm;2;Casablanca;INV-FG;Finished Goods;DAHER;Cov FG;;
M500349;BW00354;BOM_M200183_CR85;15.3200000000000000;1.0000000000000000;mm;2;Casablanca;INV-FG;Finished Goods;DAHER;Cov FG;;
M500350;M200185;BOM_M500350-01;1.0000000000000000;1.0000000000000000;Pcs;1;Casablanca;INV-FG;Finished Goods;DAHER;Cov FG;;
M500350;BW00353;BOM_M200185-01;42.1300000000000000;1.0000000000000000;mm;2;Casablanca;INV-FG;Finished Goods;DAHER;Cov FG;;
M500351;M200186;BOM_M500351-01;0.0833000000000000;1.0000000000000000;Pcs;1;Casablanca;INV-FG;Finished Goods;DAHER;Cov FG;;
M500351;BW00353;BOM_M200186-01;27.1300000000000000;1.0000000000000000;mm;2;Casablanca;INV-FG;Finished Goods;DAHER;Cov FG;;
M500352;M200350;BOM_M500352-01;0.5000000000000000;1.0000000000000000;Pcs;1;Casablanca;INV-FG;Finished Goods;DAHER;Cov FG;;
M500352;BW00360;BOM_M200350;14.3000000000000000;1.0000000000000000;mm;2;Casablanca;INV-FG;Finished Goods;DAHER;Cov FG;;
M500353;M200183;BOM_M500353-02;0.0200000000000000;1.0000000000000000;Pcs;1;Casablanca;INV-FG;Finished Goods;DAHER;Cov FG;;
M500353;BW00354;BOM_M200183_CR85;15.3200000000000000;1.0000000000000000;mm;2;Casablanca;INV-FG;Finished Goods;DAHER;Cov FG;;
M500353;BW00354;BOM_M200183_CR85;15.3200000000000000;1.0000000000000000;mm;2;Casablanca;INV-FG;Finished Goods;DAHER;Cov FG;;
M500354;M200183;BOM_M500354-01;0.0300000000000000;1.0000000000000000;Pcs;1;Casablanca;INV-FG;Finished Goods;DAHER;HRH-Manual;;
M500354;BW00354;BOM_M200183_CR85;15.3200000000000000;1.0000000000000000;mm;2;Casablanca;INV-FG;Finished Goods;DAHER;HRH-Manual;;
M500355;M200183;BOM_M500355-01;0.0300000000000000;1.0000000000000000;Pcs;1;Casablanca;INV-FG;Finished Goods;DAHER;Cov FG;;
M500355;BW00354;BOM_M200183_CR85;15.3200000000000000;1.0000000000000000;mm;2;Casablanca;INV-FG;Finished Goods;DAHER;Cov FG;;
M500356;M200183;BOM_M500356-01;0.0200000000000000;1.0000000000000000;Pcs;1;Casablanca;INV-FG;Finished Goods;DAHER;HRH-Manual;;
M500356;BW00354;BOM_M200183_CR85;15.3200000000000000;1.0000000000000000;mm;2;Casablanca;INV-FG;Finished Goods;DAHER;HRH-Manual;;
M500357;M200183;BOM_M500357-01;0.0200000000000000;1.0000000000000000;Pcs;1;Casablanca;INV-FG;Finished Goods;DAHER;HRH-Manual;;
M500357;BW00354;BOM_M200183_CR85;15.3200000000000000;1.0000000000000000;mm;2;Casablanca;INV-FG;Finished Goods;DAHER;HRH-Manual;;
M500358;M200183;BOM_M500358-01;0.0300000000000000;1.0000000000000000;Pcs;1;Casablanca;INV-FG;Finished Goods;DAHER;HRH-Manual;;
M500358;BW00354;BOM_M200183_CR85;15.3200000000000000;1.0000000000000000;mm;2;Casablanca;INV-FG;Finished Goods;DAHER;HRH-Manual;;
M500359;M200183;BOM_M500359-01;0.0300000000000000;1.0000000000000000;Pcs;1;Casablanca;INV-FG;Finished Goods;DAHER;HRH-Manual;;
M500359;BW00354;BOM_M200183_CR85;15.3200000000000000;1.0000000000000000;mm;2;Casablanca;INV-FG;Finished Goods;DAHER;HRH-Manual;;
M500361;M200183;BOM_M500361-01;0.0300000000000000;1.0000000000000000;Pcs;1;Casablanca;INV-FG;Finished Goods;DAHER;HRH-Manual;;
M500361;BW00354;BOM_M200183_CR85;15.3200000000000000;1.0000000000000000;mm;2;Casablanca;INV-FG;Finished Goods;DAHER;HRH-Manual;;
M500362;M200183;BOM_M500362;0.0300000000000000;1.0000000000000000;Pcs;1;Casablanca;INV-FG;Finished Goods;DAHER;HRH-Manual;;
M500362;BW00354;BOM_M200183_CR85;15.3200000000000000;1.0000000000000000;mm;2;Casablanca;INV-FG;Finished Goods;DAHER;HRH-Manual;;
M500363;M200183;BOM_M500363-01;0.0300000000000000;1.0000000000000000;Pcs;1;Casablanca;INV-FG;Finished Goods;DAHER;HRH-Manual;;
M500363;BW00354;BOM_M200183_CR85;15.3200000000000000;1.0000000000000000;mm;2;Casablanca;INV-FG;Finished Goods;DAHER;HRH-Manual;;
M502230;M306906;BOM_M502230-02;0.9000000000000000;1.0000000000000000;Pcs;1;Casablanca;INV-FG;Finished Goods;DAHER;HRH-Manual;;
M502230;M206900;BOM_M306900-02;1.0000000000000000;1.0000000000000000;Pcs;2;Casablanca;INV-FG;Finished Goods;DAHER;HRH-Manual;;
M502230;M206900;BOM_M306906-01;1.0000000000000000;1.0000000000000000;Pcs;2;Casablanca;INV-FG;Finished Goods;DAHER;HRH-Manual;;
M502231;M306907;BOM_M502231-02;0.9000000000000000;1.0000000000000000;Pcs;1;Casablanca;INV-FG;Finished Goods;DAHER;HRH-Manual;;
M502231;M206900;BOM_M306902-02;1.0000000000000000;1.0000000000000000;Pcs;2;Casablanca;INV-FG;Finished Goods;DAHER;HRH-Manual;;
M502231;M206900;BOM_M306907-01;1.0000000000000000;1.0000000000000000;Pcs;2;Casablanca;INV-FG;Finished Goods;DAHER;HRH-Manual;;
M502232;M306906;BOM_M502232-02;0.1000000000000000;1.0000000000000000;Pcs;1;Casablanca;INV-FG;Finished Goods;DAHER;Cov FG;;
M502232;M206900;BOM_M306901-01;0.1000000000000000;1.0000000000000000;Pcs;2;Casablanca;INV-FG;Finished Goods;DAHER;Cov FG;;
M502232;M206900;BOM_M306906-01;1.0000000000000000;1.0000000000000000;Pcs;2;Casablanca;INV-FG;Finished Goods;DAHER;Cov FG;;
M502233;M306907;BOM_M502233-02;0.1000000000000000;1.0000000000000000;Pcs;1;Casablanca;INV-FG;Finished Goods;DAHER;Cov FG;;
M502233;M206900;BOM_M306903-01;0.1000000000000000;1.0000000000000000;Pcs;2;Casablanca;INV-FG;Finished Goods;DAHER;Cov FG;;
M502233;M206900;BOM_M306907-01;1.0000000000000000;1.0000000000000000;Pcs;2;Casablanca;INV-FG;Finished Goods;DAHER;Cov FG;;
M502234;M206900;BOM_M502234-01;0.2500000000000000;1.0000000000000000;Pcs;1;Casablanca;INV-FG;Finished Goods;DAHER;HRH-Manual;;
M502234;BW00389;BOM_M206900_03;20.8500000000000000;1.0000000000000000;mm;2;Casablanca;INV-FG;Finished Goods;DAHER;HRH-Manual;;
M502236;M306905;BOM_M502236-01;1.0000000000000000;1.0000000000000000;EA;1;Casablanca;INV-FG;Finished Goods;DAHER;HRH-Manual;;
M502236;M206900;BOM_M306905-01;1.0000000000000000;1.0000000000000000;Pcs;2;Casablanca;INV-FG;Finished Goods;DAHER;HRH-Manual;;
M502238;M306904;BOM_M502238-01;1.0000000000000000;1.0000000000000000;EA;1;Casablanca;INV-FG;Finished Goods;DAHER;HRH-Manual;;
M502238;M206900;BOM_M306904-01;1.0000000000000000;1.0000000000000000;Pcs;2;Casablanca;INV-FG;Finished Goods;DAHER;HRH-Manual;;
M502239;M206900;BOM_M502239-01;0.0470000000000000;1.0000000000000000;Pcs;1;Casablanca;INV-FG;Finished Goods;DAHER;HRH-Manual;;
M502239;BW00389;BOM_M206900_03;20.8500000000000000;1.0000000000000000;mm;2;Casablanca;INV-FG;Finished Goods;DAHER;HRH-Manual;;
M505150;M202050;BOM_M505150-01;2.5495000000000000;100.0000000000000000;Pcs;1;Casablanca;INV-FG;Finished Goods;DAHER;HRH-Manual;;
M505150;BW00354;BOM-M202050_01;11.3200000000000000;1.0000000000000000;mm;2;Casablanca;INV-FG;Finished Goods;DAHER;HRH-Manual;;
M505159;M202053;M505159_01;1.0707000000000000;100.0000000000000000;Pcs;1;Casablanca;INV-FG;Finished Goods;DAHER;HRH-Manual;;
M505159;BW00354;BOM-M202053_01;21.3200000000000000;1.0000000000000000;mm;2;Casablanca;INV-FG;Finished Goods;DAHER;HRH-Manual;;
M505164;BW00228;BOM-M200035-08;11.3200000000000000;1.0000000000000000;mm;2;Casablanca;INV-FG;Finished Goods;DAHER;HRH-Manual;;
M505165;M202051;BOM_M505165-01;8.7975000000000000;100.0000000000000000;Pcs;1;Casablanca;INV-FG;Finished Goods;DAHER;HRH-Manual;;
M505165;BW00228;BOM-M202051_01;11.3200000000000000;1.0000000000000000;mm;2;Casablanca;INV-FG;Finished Goods;DAHER;HRH-Manual;;
M505167;M202050;BOM_M505167-01;2.8659000000000000;100.0000000000000000;Pcs;1;Casablanca;INV-FG;Finished Goods;DAHER;HRH-Manual;;
M505167;BW00354;BOM-M202050_01;11.3200000000000000;1.0000000000000000;mm;2;Casablanca;INV-FG;Finished Goods;DAHER;HRH-Manual;;
M505170;M202052;BOM-M505170_01;1.0000000000000000;1.0000000000000000;Pcs;1;Casablanca;INV-FG;Finished Goods;DAHER;HRH-Manual;;
M505170;BW00354;bom-M202052_01;16.3200000000000000;1.0000000000000000;mm;2;Casablanca;INV-FG;Finished Goods;DAHER;HRH-Manual;;
M505300;M206900;BOM_M505300-01;0.0660000000000000;1.0000000000000000;Pcs;1;Casablanca;INV-FG;Finished Goods;DAHER;Cov FG;;
M505300;BW00389;BOM_M206900_03;20.8500000000000000;1.0000000000000000;mm;2;Casablanca;INV-FG;Finished Goods;DAHER;Cov FG;;
M505301;M206900;BOM_M505301-01;0.0600000000000000;1.0000000000000000;Pcs;1;Casablanca;INV-FG;Finished Goods;DAHER;HRH-Manual;;
M505301;BW00389;BOM_M206900_03;20.8500000000000000;1.0000000000000000;mm;2;Casablanca;INV-FG;Finished Goods;DAHER;HRH-Manual;;
TCBW00185;BW00185;BOM_TCBW00185-01;2.4400000000000000;1.0000000000000000;mm;1;Casablanca;INV-FG;Finished Goods;DAHER;HRH-SLICE;;
TCBW00228;BW00228;BOM_TCBW00228-01;2.4400000000000000;1.0000000000000000;mm;1;Casablanca;INV-FG;Finished Goods;DAHER;HRH-SLICE;;
TCBW00354;BW00354;BOM_TCBW00354-01;2.4400000000000000;1.0000000000000000;mm;1;Casablanca;INV-FG;Finished Goods;DAHER;HRH-SLICE;;
