JOUR,SHIFT,OPÉRATEUR,ITEM,QUANTITÉ,TEMPS (h)
1,1,OP01,M400200,1,4.69
1,1,OP02,M400201,1,4.69
1,1,OP03,M400228,2,6.25
1,1,OP04,M400229,2,6.25
1,1,OP05,REPOS,0,0.0
1,1,OP06,REPOS,0,0.0
1,1,OP07,REPOS,0,0.0
1,1,OP08,REPOS,0,0.0
1,1,OP09,REPOS,0,0.0
1,1,OP10,REPOS,0,0.0
1,1,OP11,REPOS,0,0.0
1,1,OP12,REPOS,0,0.0
1,1,OP13,REPOS,0,0.0
1,1,OP14,REPOS,0,0.0
1,2,OP01,M400200,1,4.69
1,2,OP02,M400201,1,4.69
1,2,OP03,M400228,2,6.25
1,2,OP04,M400229,2,6.25
1,2,OP05,M500304,4,6.25
1,2,OP06,M500317,4,7.5
1,2,OP07,M500324,4,6.25
1,2,OP08,M500325,3,7.03
1,2,OP09,M500327,3,7.03
1,2,OP10,REPOS,0,0.0
1,2,OP11,REPOS,0,0.0
1,2,OP12,REPOS,0,0.0
1,2,OP13,REPOS,0,0.0
1,2,OP14,REPOS,0,0.0
1,3,OP01,M400200,1,4.69
1,3,OP02,M400201,1,4.69
1,3,OP03,M400228,2,6.25
1,3,OP04,M400229,2,6.25
1,3,OP05,M500323,4,7.5
1,3,OP06,REPOS,0,0.0
1,3,OP07,REPOS,0,0.0
1,3,OP08,REPOS,0,0.0
1,3,OP09,REPOS,0,0.0
1,3,OP10,REPOS,0,0.0
1,3,OP11,REPOS,0,0.0
1,3,OP12,REPOS,0,0.0
1,3,OP13,REPOS,0,0.0
1,3,OP14,REPOS,0,0.0
2,1,OP01,M400200,1,4.69
2,1,OP02,M400201,1,4.69
2,1,OP03,M400228,2,6.25
2,1,OP04,M400229,2,6.25
2,1,OP05,M500311,4,7.5
2,1,OP06,M500312,8,7.5
2,1,OP07,M500313,8,7.5
2,1,OP08,M500318,8,7.5
2,1,OP09,M500319,8,7.5
2,1,OP10,M500324,4,6.25
2,1,OP11,REPOS,0,0.0
2,1,OP12,REPOS,0,0.0
2,1,OP13,REPOS,0,0.0
2,1,OP14,REPOS,0,0.0
2,2,OP01,M400200,1,4.69
2,2,OP02,M400201,1,4.69
2,2,OP03,M400228,2,6.25
2,2,OP04,M400229,2,6.25
2,2,OP05,M500304,4,6.25
2,2,OP06,M500317,4,7.5
2,2,OP07,M500325,3,7.03
2,2,OP08,M500327,3,7.03
2,2,OP09,M500328,6,7.03
2,2,OP10,REPOS,0,0.0
2,2,OP11,REPOS,0,0.0
2,2,OP12,REPOS,0,0.0
2,2,OP13,REPOS,0,0.0
2,2,OP14,REPOS,0,0.0
2,3,OP01,M400200,1,4.69
2,3,OP02,M400201,1,4.69
2,3,OP03,M400228,2,6.25
2,3,OP04,M400229,2,6.25
2,3,OP05,M500324,4,6.25
2,3,OP06,REPOS,0,0.0
2,3,OP07,REPOS,0,0.0
2,3,OP08,REPOS,0,0.0
2,3,OP09,REPOS,0,0.0
2,3,OP10,REPOS,0,0.0
2,3,OP11,REPOS,0,0.0
2,3,OP12,REPOS,0,0.0
2,3,OP13,REPOS,0,0.0
2,3,OP14,REPOS,0,0.0
3,1,OP01,M400200,1,4.69
3,1,OP02,M400201,1,4.69
3,1,OP03,M400228,2,6.25
3,1,OP04,M400229,2,6.25
3,1,OP05,M500330,4,6.25
3,1,OP06,REPOS,0,0.0
3,1,OP07,REPOS,0,0.0
3,1,OP08,REPOS,0,0.0
3,1,OP09,REPOS,0,0.0
3,1,OP10,REPOS,0,0.0
3,1,OP11,REPOS,0,0.0
3,1,OP12,REPOS,0,0.0
3,1,OP13,REPOS,0,0.0
3,1,OP14,REPOS,0,0.0
3,2,OP01,M400200,1,4.69
3,2,OP02,M400201,1,4.69
3,2,OP03,M400228,2,6.25
3,2,OP04,M400229,2,6.25
3,2,OP05,M500304,4,6.25
3,2,OP06,M500317,4,7.5
3,2,OP07,M500323,4,7.5
3,2,OP08,M500324,4,6.25
3,2,OP09,M500325,3,7.03
3,2,OP10,M500327,3,7.03
3,2,OP11,M500329,8,7.5
3,2,OP12,REPOS,0,0.0
3,2,OP13,REPOS,0,0.0
3,2,OP14,REPOS,0,0.0
3,3,OP01,M400200,1,4.69
3,3,OP02,M400201,1,4.69
3,3,OP03,M400228,2,6.25
3,3,OP04,M400229,2,6.25
3,3,OP05,REPOS,0,0.0
3,3,OP06,REPOS,0,0.0
3,3,OP07,REPOS,0,0.0
3,3,OP08,REPOS,0,0.0
3,3,OP09,REPOS,0,0.0
3,3,OP10,REPOS,0,0.0
3,3,OP11,REPOS,0,0.0
3,3,OP12,REPOS,0,0.0
3,3,OP13,REPOS,0,0.0
3,3,OP14,REPOS,0,0.0
4,1,OP01,M400200,1,4.69
4,1,OP02,M400201,1,4.69
4,1,OP03,M400228,2,6.25
4,1,OP04,M400229,2,6.25
4,1,OP05,M500312,8,7.5
4,1,OP06,M500318,8,7.5
4,1,OP07,M500319,8,7.5
4,1,OP08,M500324,4,6.25
4,1,OP09,REPOS,0,0.0
4,1,OP10,REPOS,0,0.0
4,1,OP11,REPOS,0,0.0
4,1,OP12,REPOS,0,0.0
4,1,OP13,REPOS,0,0.0
4,1,OP14,REPOS,0,0.0
4,2,OP01,M400200,1,4.69
4,2,OP02,M400201,1,4.69
4,2,OP03,M400228,2,6.25
4,2,OP04,M400229,2,6.25
4,2,OP05,M500304,4,6.25
4,2,OP06,M500311,4,7.5
4,2,OP07,M500313,8,7.5
4,2,OP08,M500317,4,7.5
4,2,OP09,M500325,3,7.03
4,2,OP10,M500327,3,7.03
4,2,OP11,REPOS,0,0.0
4,2,OP12,REPOS,0,0.0
4,2,OP13,REPOS,0,0.0
4,2,OP14,REPOS,0,0.0
4,3,OP01,M400200,1,4.69
4,3,OP02,M400201,1,4.69
4,3,OP03,M400228,2,6.25
4,3,OP04,M400229,2,6.25
4,3,OP05,M500324,4,6.25
4,3,OP06,REPOS,0,0.0
4,3,OP07,REPOS,0,0.0
4,3,OP08,REPOS,0,0.0
4,3,OP09,REPOS,0,0.0
4,3,OP10,REPOS,0,0.0
4,3,OP11,REPOS,0,0.0
4,3,OP12,REPOS,0,0.0
4,3,OP13,REPOS,0,0.0
4,3,OP14,REPOS,0,0.0
5,1,OP01,M400200,1,4.69
5,1,OP02,M400201,1,4.69
5,1,OP03,M400228,2,6.25
5,1,OP04,M400229,2,6.25
5,1,OP05,M500323,4,7.5
5,1,OP06,M500328,6,7.03
5,1,OP07,REPOS,0,0.0
5,1,OP08,REPOS,0,0.0
5,1,OP09,REPOS,0,0.0
5,1,OP10,REPOS,0,0.0
5,1,OP11,REPOS,0,0.0
5,1,OP12,REPOS,0,0.0
5,1,OP13,REPOS,0,0.0
5,1,OP14,REPOS,0,0.0
5,2,OP01,M400200,1,4.69
5,2,OP02,M400201,1,4.69
5,2,OP03,M400228,2,6.25
5,2,OP04,M400229,2,6.25
5,2,OP05,M500304,4,6.25
5,2,OP06,M500317,4,7.5
5,2,OP07,M500324,4,6.25
5,2,OP08,M500325,3,7.03
5,2,OP09,M500327,3,7.03
5,2,OP10,REPOS,0,0.0
5,2,OP11,REPOS,0,0.0
5,2,OP12,REPOS,0,0.0
5,2,OP13,REPOS,0,0.0
5,2,OP14,REPOS,0,0.0
5,3,OP01,M400200,1,4.69
5,3,OP02,M400201,1,4.69
5,3,OP03,M400228,2,6.25
5,3,OP04,M400229,2,6.25
5,3,OP05,REPOS,0,0.0
5,3,OP06,REPOS,0,0.0
5,3,OP07,REPOS,0,0.0
5,3,OP08,REPOS,0,0.0
5,3,OP09,REPOS,0,0.0
5,3,OP10,REPOS,0,0.0
5,3,OP11,REPOS,0,0.0
5,3,OP12,REPOS,0,0.0
5,3,OP13,REPOS,0,0.0
5,3,OP14,REPOS,0,0.0
6,1,OP01,M400200,1,4.69
6,1,OP02,M400201,1,4.69
6,1,OP03,M400228,2,6.25
6,1,OP04,M400229,2,6.25
6,1,OP05,M500312,8,7.5
6,1,OP06,M500318,8,7.5
6,1,OP07,M500319,8,7.5
6,1,OP08,M500324,4,6.25
6,1,OP09,REPOS,0,0.0
6,1,OP10,REPOS,0,0.0
6,1,OP11,REPOS,0,0.0
6,1,OP12,REPOS,0,0.0
6,1,OP13,REPOS,0,0.0
6,1,OP14,REPOS,0,0.0
6,2,OP01,M400200,1,4.69
6,2,OP02,M400201,1,4.69
6,2,OP03,M400228,2,6.25
6,2,OP04,M400229,2,6.25
6,2,OP05,M500304,4,6.25
6,2,OP06,M500317,4,7.5
6,2,OP07,M500325,3,7.03
6,2,OP08,M500327,3,7.03
6,2,OP09,REPOS,0,0.0
6,2,OP10,REPOS,0,0.0
6,2,OP11,REPOS,0,0.0
6,2,OP12,REPOS,0,0.0
6,2,OP13,REPOS,0,0.0
6,2,OP14,REPOS,0,0.0
6,3,OP01,M400200,1,4.69
6,3,OP02,M400201,1,4.69
6,3,OP03,M400228,2,6.25
6,3,OP04,M400229,2,6.25
6,3,OP05,M500311,4,7.5
6,3,OP06,M500313,8,7.5
6,3,OP07,M500323,4,7.5
6,3,OP08,M500324,4,6.25
6,3,OP09,REPOS,0,0.0
6,3,OP10,REPOS,0,0.0
6,3,OP11,REPOS,0,0.0
6,3,OP12,REPOS,0,0.0
6,3,OP13,REPOS,0,0.0
6,3,OP14,REPOS,0,0.0
7,1,OP01,M400200,1,4.69
7,1,OP02,M400201,1,4.69
7,1,OP03,M400228,2,6.25
7,1,OP04,M400229,2,6.25
7,1,OP05,M500330,4,6.25
7,1,OP06,REPOS,0,0.0
7,1,OP07,REPOS,0,0.0
7,1,OP08,REPOS,0,0.0
7,1,OP09,REPOS,0,0.0
7,1,OP10,REPOS,0,0.0
7,1,OP11,REPOS,0,0.0
7,1,OP12,REPOS,0,0.0
7,1,OP13,REPOS,0,0.0
7,1,OP14,REPOS,0,0.0
7,2,OP01,M400200,1,4.69
7,2,OP02,M400201,1,4.69
7,2,OP03,M400228,2,6.25
7,2,OP04,M400229,2,6.25
7,2,OP05,M500304,4,6.25
7,2,OP06,M500317,4,7.5
7,2,OP07,M500324,4,6.25
7,2,OP08,M500325,3,7.03
7,2,OP09,M500327,3,7.03
7,2,OP10,REPOS,0,0.0
7,2,OP11,REPOS,0,0.0
7,2,OP12,REPOS,0,0.0
7,2,OP13,REPOS,0,0.0
7,2,OP14,REPOS,0,0.0
7,3,OP01,M400200,1,4.69
7,3,OP02,M400201,1,4.69
7,3,OP03,M400228,2,6.25
7,3,OP04,M400229,2,6.25
7,3,OP05,M500328,6,7.03
7,3,OP06,REPOS,0,0.0
7,3,OP07,REPOS,0,0.0
7,3,OP08,REPOS,0,0.0
7,3,OP09,REPOS,0,0.0
7,3,OP10,REPOS,0,0.0
7,3,OP11,REPOS,0,0.0
7,3,OP12,REPOS,0,0.0
7,3,OP13,REPOS,0,0.0
7,3,OP14,REPOS,0,0.0
8,1,OP01,M400200,1,4.69
8,1,OP02,M400201,1,4.69
8,1,OP03,M400228,2,6.25
8,1,OP04,M400229,2,6.25
8,1,OP05,M500312,8,7.5
8,1,OP06,M500318,8,7.5
8,1,OP07,M500319,8,7.5
8,1,OP08,M500324,4,6.25
8,1,OP09,REPOS,0,0.0
8,1,OP10,REPOS,0,0.0
8,1,OP11,REPOS,0,0.0
8,1,OP12,REPOS,0,0.0
8,1,OP13,REPOS,0,0.0
8,1,OP14,REPOS,0,0.0
8,2,OP01,M400200,1,4.69
8,2,OP02,M400201,1,4.69
8,2,OP03,M400228,2,6.25
8,2,OP04,M400229,2,6.25
8,2,OP05,M500304,4,6.25
8,2,OP06,M500317,4,7.5
8,2,OP07,M500323,4,7.5
8,2,OP08,M500325,3,7.03
8,2,OP09,M500327,3,7.03
8,2,OP10,M500329,8,7.5
8,2,OP11,REPOS,0,0.0
8,2,OP12,REPOS,0,0.0
8,2,OP13,REPOS,0,0.0
8,2,OP14,REPOS,0,0.0
8,3,OP01,M400200,1,4.69
8,3,OP02,M400201,1,4.69
8,3,OP03,M400228,2,6.25
8,3,OP04,M400229,2,6.25
8,3,OP05,M500324,4,6.25
8,3,OP06,REPOS,0,0.0
8,3,OP07,REPOS,0,0.0
8,3,OP08,REPOS,0,0.0
8,3,OP09,REPOS,0,0.0
8,3,OP10,REPOS,0,0.0
8,3,OP11,REPOS,0,0.0
8,3,OP12,REPOS,0,0.0
8,3,OP13,REPOS,0,0.0
8,3,OP14,REPOS,0,0.0
9,1,OP01,M400200,1,4.69
9,1,OP02,M400201,1,4.69
9,1,OP03,M400228,2,6.25
9,1,OP04,M400229,2,6.25
9,1,OP05,M500311,4,7.5
9,1,OP06,M500313,8,7.5
9,1,OP07,REPOS,0,0.0
9,1,OP08,REPOS,0,0.0
9,1,OP09,REPOS,0,0.0
9,1,OP10,REPOS,0,0.0
9,1,OP11,REPOS,0,0.0
9,1,OP12,REPOS,0,0.0
9,1,OP13,REPOS,0,0.0
9,1,OP14,REPOS,0,0.0
9,2,OP01,M400200,1,4.69
9,2,OP02,M400201,1,4.69
9,2,OP03,M400228,2,6.25
9,2,OP04,M400229,2,6.25
9,2,OP05,M500304,4,6.25
9,2,OP06,M500317,4,7.5
9,2,OP07,M500324,4,6.25
9,2,OP08,M500325,3,7.03
9,2,OP09,M500327,3,7.03
9,2,OP10,REPOS,0,0.0
9,2,OP11,REPOS,0,0.0
9,2,OP12,REPOS,0,0.0
9,2,OP13,REPOS,0,0.0
9,2,OP14,REPOS,0,0.0
9,3,OP01,M400200,1,4.69
9,3,OP02,M400201,1,4.69
9,3,OP03,M400228,2,6.25
9,3,OP04,M400229,2,6.25
9,3,OP05,REPOS,0,0.0
9,3,OP06,REPOS,0,0.0
9,3,OP07,REPOS,0,0.0
9,3,OP08,REPOS,0,0.0
9,3,OP09,REPOS,0,0.0
9,3,OP10,REPOS,0,0.0
9,3,OP11,REPOS,0,0.0
9,3,OP12,REPOS,0,0.0
9,3,OP13,REPOS,0,0.0
9,3,OP14,REPOS,0,0.0
10,1,OP01,M400200,1,4.69
10,1,OP02,M400201,1,4.69
10,1,OP03,M400228,2,6.25
10,1,OP04,M400229,2,6.25
10,1,OP05,M500312,8,7.5
10,1,OP06,M500318,8,7.5
10,1,OP07,M500319,8,7.5
10,1,OP08,M500323,4,7.5
10,1,OP09,M500324,4,6.25
10,1,OP10,REPOS,0,0.0
10,1,OP11,REPOS,0,0.0
10,1,OP12,REPOS,0,0.0
10,1,OP13,REPOS,0,0.0
10,1,OP14,REPOS,0,0.0
10,2,OP01,M400200,1,4.69
10,2,OP02,M400201,1,4.69
10,2,OP03,M400228,2,6.25
10,2,OP04,M400229,2,6.25
10,2,OP05,M500304,4,6.25
10,2,OP06,M500317,4,7.5
10,2,OP07,M500325,3,7.03
10,2,OP08,M500327,3,7.03
10,2,OP09,M500328,6,7.03
10,2,OP10,REPOS,0,0.0
10,2,OP11,REPOS,0,0.0
10,2,OP12,REPOS,0,0.0
10,2,OP13,REPOS,0,0.0
10,2,OP14,REPOS,0,0.0
10,3,OP01,M400200,1,4.69
10,3,OP02,M400201,1,4.69
10,3,OP03,M400228,2,6.25
10,3,OP04,M400229,2,6.25
10,3,OP05,M500324,4,6.25
10,3,OP06,REPOS,0,0.0
10,3,OP07,REPOS,0,0.0
10,3,OP08,REPOS,0,0.0
10,3,OP09,REPOS,0,0.0
10,3,OP10,REPOS,0,0.0
10,3,OP11,REPOS,0,0.0
10,3,OP12,REPOS,0,0.0
10,3,OP13,REPOS,0,0.0
10,3,OP14,REPOS,0,0.0
11,1,OP01,M400200,1,4.69
11,1,OP02,M400201,1,4.69
11,1,OP03,M400228,2,6.25
11,1,OP04,M400229,2,6.25
11,1,OP05,M500330,4,6.25
11,1,OP06,REPOS,0,0.0
11,1,OP07,REPOS,0,0.0
11,1,OP08,REPOS,0,0.0
11,1,OP09,REPOS,0,0.0
11,1,OP10,REPOS,0,0.0
11,1,OP11,REPOS,0,0.0
11,1,OP12,REPOS,0,0.0
11,1,OP13,REPOS,0,0.0
11,1,OP14,REPOS,0,0.0
11,2,OP01,M400200,1,4.69
11,2,OP02,M400201,1,4.69
11,2,OP03,M400228,2,6.25
11,2,OP04,M400229,2,6.25
11,2,OP05,M500304,4,6.25
11,2,OP06,M500311,4,7.5
11,2,OP07,M500313,8,7.5
11,2,OP08,M500317,4,7.5
11,2,OP09,M500324,4,6.25
11,2,OP10,M500325,3,7.03
11,2,OP11,M500327,3,7.03
11,2,OP12,REPOS,0,0.0
11,2,OP13,REPOS,0,0.0
11,2,OP14,REPOS,0,0.0
11,3,OP01,M400200,1,4.69
11,3,OP02,M400201,1,4.69
11,3,OP03,M400228,2,6.25
11,3,OP04,M400229,2,6.25
11,3,OP05,M500323,4,7.5
11,3,OP06,REPOS,0,0.0
11,3,OP07,REPOS,0,0.0
11,3,OP08,REPOS,0,0.0
11,3,OP09,REPOS,0,0.0
11,3,OP10,REPOS,0,0.0
11,3,OP11,REPOS,0,0.0
11,3,OP12,REPOS,0,0.0
11,3,OP13,REPOS,0,0.0
11,3,OP14,REPOS,0,0.0
12,1,OP01,M400200,1,4.69
12,1,OP02,M400201,1,4.69
12,1,OP03,M400228,2,6.25
12,1,OP04,M400229,2,6.25
12,1,OP05,M500312,8,7.5
12,1,OP06,M500318,8,7.5
12,1,OP07,M500319,8,7.5
12,1,OP08,M500324,4,6.25
12,1,OP09,REPOS,0,0.0
12,1,OP10,REPOS,0,0.0
12,1,OP11,REPOS,0,0.0
12,1,OP12,REPOS,0,0.0
12,1,OP13,REPOS,0,0.0
12,1,OP14,REPOS,0,0.0
12,2,OP01,M400200,1,4.69
12,2,OP02,M400201,1,4.69
12,2,OP03,M400228,2,6.25
12,2,OP04,M400229,2,6.25
12,2,OP05,M500304,4,6.25
12,2,OP06,M500317,4,7.5
12,2,OP07,M500325,3,7.03
12,2,OP08,M500327,3,7.03
12,2,OP09,REPOS,0,0.0
12,2,OP10,REPOS,0,0.0
12,2,OP11,REPOS,0,0.0
12,2,OP12,REPOS,0,0.0
12,2,OP13,REPOS,0,0.0
12,2,OP14,REPOS,0,0.0
12,3,OP01,M400200,1,4.69
12,3,OP02,M400201,1,4.69
12,3,OP03,M400228,2,6.25
12,3,OP04,M400229,2,6.25
12,3,OP05,M500324,4,6.25
12,3,OP06,REPOS,0,0.0
12,3,OP07,REPOS,0,0.0
12,3,OP08,REPOS,0,0.0
12,3,OP09,REPOS,0,0.0
12,3,OP10,REPOS,0,0.0
12,3,OP11,REPOS,0,0.0
12,3,OP12,REPOS,0,0.0
12,3,OP13,REPOS,0,0.0
12,3,OP14,REPOS,0,0.0
13,1,OP01,M400200,1,4.69
13,1,OP02,M400201,1,4.69
13,1,OP03,M400228,2,6.25
13,1,OP04,M400229,2,6.25
13,1,OP05,M500328,6,7.03
13,1,OP06,REPOS,0,0.0
13,1,OP07,REPOS,0,0.0
13,1,OP08,REPOS,0,0.0
13,1,OP09,REPOS,0,0.0
13,1,OP10,REPOS,0,0.0
13,1,OP11,REPOS,0,0.0
13,1,OP12,REPOS,0,0.0
13,1,OP13,REPOS,0,0.0
13,1,OP14,REPOS,0,0.0
13,2,OP01,M400200,1,4.69
13,2,OP02,M400201,1,4.69
13,2,OP03,M400228,2,6.25
13,2,OP04,M400229,2,6.25
13,2,OP05,M500304,4,6.25
13,2,OP06,M500309,3,1.41
13,2,OP07,M500317,4,7.5
13,2,OP08,M500323,4,7.5
13,2,OP09,M500324,4,6.25
13,2,OP10,M500325,3,7.03
13,2,OP11,M500327,3,7.03
13,2,OP12,M500329,8,7.5
13,2,OP13,REPOS,0,0.0
13,2,OP14,REPOS,0,0.0
13,3,OP01,M400200,1,4.69
13,3,OP02,M400201,1,4.69
13,3,OP03,M400228,2,6.25
13,3,OP04,M400229,2,6.25
13,3,OP05,M500311,4,7.5
13,3,OP06,M500313,8,7.5
13,3,OP07,REPOS,0,0.0
13,3,OP08,REPOS,0,0.0
13,3,OP09,REPOS,0,0.0
13,3,OP10,REPOS,0,0.0
13,3,OP11,REPOS,0,0.0
13,3,OP12,REPOS,0,0.0
13,3,OP13,REPOS,0,0.0
13,3,OP14,REPOS,0,0.0
14,1,OP01,M400200,1,4.69
14,1,OP02,M400201,1,4.69
14,1,OP03,M400228,2,6.25
14,1,OP04,M400229,2,6.25
14,1,OP05,M500312,8,7.5
14,1,OP06,M500318,8,7.5
14,1,OP07,M500319,8,7.5
14,1,OP08,M500324,4,6.25
14,1,OP09,REPOS,0,0.0
14,1,OP10,REPOS,0,0.0
14,1,OP11,REPOS,0,0.0
14,1,OP12,REPOS,0,0.0
14,1,OP13,REPOS,0,0.0
14,1,OP14,REPOS,0,0.0
14,2,OP01,M400200,1,4.69
14,2,OP02,M400201,1,4.69
14,2,OP03,M400228,2,6.25
14,2,OP04,M400229,2,6.25
14,2,OP05,M500304,4,6.25
14,2,OP06,M500317,4,7.5
14,2,OP07,M500325,3,7.03
14,2,OP08,M500327,3,7.03
14,2,OP09,REPOS,0,0.0
14,2,OP10,REPOS,0,0.0
14,2,OP11,REPOS,0,0.0
14,2,OP12,REPOS,0,0.0
14,2,OP13,REPOS,0,0.0
14,2,OP14,REPOS,0,0.0
14,3,OP01,M400200,1,4.69
14,3,OP02,M400201,1,4.69
14,3,OP03,M400228,2,6.25
14,3,OP04,M400229,2,6.25
14,3,OP05,M500324,4,6.25
14,3,OP06,REPOS,0,0.0
14,3,OP07,REPOS,0,0.0
14,3,OP08,REPOS,0,0.0
14,3,OP09,REPOS,0,0.0
14,3,OP10,REPOS,0,0.0
14,3,OP11,REPOS,0,0.0
14,3,OP12,REPOS,0,0.0
14,3,OP13,REPOS,0,0.0
14,3,OP14,REPOS,0,0.0
15,1,OP01,M400200,1,4.69
15,1,OP02,M400201,1,4.69
15,1,OP03,M400228,2,6.25
15,1,OP04,M400229,2,6.25
15,1,OP05,M500323,4,7.5
15,1,OP06,M500330,4,6.25
15,1,OP07,REPOS,0,0.0
15,1,OP08,REPOS,0,0.0
15,1,OP09,REPOS,0,0.0
15,1,OP10,REPOS,0,0.0
15,1,OP11,REPOS,0,0.0
15,1,OP12,REPOS,0,0.0
15,1,OP13,REPOS,0,0.0
15,1,OP14,REPOS,0,0.0
15,2,OP01,M400200,1,4.69
15,2,OP02,M400201,1,4.69
15,2,OP03,M400228,2,6.25
15,2,OP04,M400229,2,6.25
15,2,OP05,M500304,4,6.25
15,2,OP06,M500317,4,7.5
15,2,OP07,M500324,4,6.25
15,2,OP08,M500325,3,7.03
15,2,OP09,M500327,3,7.03
15,2,OP10,REPOS,0,0.0
15,2,OP11,REPOS,0,0.0
15,2,OP12,REPOS,0,0.0
15,2,OP13,REPOS,0,0.0
15,2,OP14,REPOS,0,0.0
15,3,OP01,M400200,1,4.69
15,3,OP02,M400201,1,4.69
15,3,OP03,M400228,2,6.25
15,3,OP04,M400229,2,6.25
15,3,OP05,M500328,6,7.03
15,3,OP06,REPOS,0,0.0
15,3,OP07,REPOS,0,0.0
15,3,OP08,REPOS,0,0.0
15,3,OP09,REPOS,0,0.0
15,3,OP10,REPOS,0,0.0
15,3,OP11,REPOS,0,0.0
15,3,OP12,REPOS,0,0.0
15,3,OP13,REPOS,0,0.0
15,3,OP14,REPOS,0,0.0
16,1,OP01,M400200,1,4.69
16,1,OP02,M400201,1,4.69
16,1,OP03,M400228,2,6.25
16,1,OP04,M400229,1,3.12
16,1,OP05,M500311,4,7.5
16,1,OP06,M500312,8,7.5
16,1,OP07,M500313,8,7.5
16,1,OP08,M500318,8,7.5
16,1,OP09,M500319,8,7.5
16,1,OP10,M500324,4,6.25
16,1,OP11,REPOS,0,0.0
16,1,OP12,REPOS,0,0.0
16,1,OP13,REPOS,0,0.0
16,1,OP14,REPOS,0,0.0
16,2,OP01,M400201,1,4.69
16,2,OP02,M400228,2,6.25
16,2,OP03,M500304,4,6.25
16,2,OP04,M500317,4,7.5
16,2,OP05,M500325,3,7.03
16,2,OP06,M500327,3,7.03
16,2,OP07,REPOS,0,0.0
16,2,OP08,REPOS,0,0.0
16,2,OP09,REPOS,0,0.0
16,2,OP10,REPOS,0,0.0
16,2,OP11,REPOS,0,0.0
16,2,OP12,REPOS,0,0.0
16,2,OP13,REPOS,0,0.0
16,2,OP14,REPOS,0,0.0
16,3,OP01,M400201,1,4.69
16,3,OP02,M400228,2,6.25
16,3,OP03,M500323,4,7.5
16,3,OP04,M500324,4,6.25
16,3,OP05,REPOS,0,0.0
16,3,OP06,REPOS,0,0.0
16,3,OP07,REPOS,0,0.0
16,3,OP08,REPOS,0,0.0
16,3,OP09,REPOS,0,0.0
16,3,OP10,REPOS,0,0.0
16,3,OP11,REPOS,0,0.0
16,3,OP12,REPOS,0,0.0
16,3,OP13,REPOS,0,0.0
16,3,OP14,REPOS,0,0.0
17,1,OP01,M400201,1,4.69
17,1,OP02,M400228,1,3.12
17,1,OP03,REPOS,0,0.0
17,1,OP04,REPOS,0,0.0
17,1,OP05,REPOS,0,0.0
17,1,OP06,REPOS,0,0.0
17,1,OP07,REPOS,0,0.0
17,1,OP08,REPOS,0,0.0
17,1,OP09,REPOS,0,0.0
17,1,OP10,REPOS,0,0.0
17,1,OP11,REPOS,0,0.0
17,1,OP12,REPOS,0,0.0
17,1,OP13,REPOS,0,0.0
17,1,OP14,REPOS,0,0.0
17,2,OP01,M400201,1,4.69
17,2,OP02,M500304,4,6.25
17,2,OP03,M500317,4,7.5
17,2,OP04,M500324,4,6.25
17,2,OP05,M500325,3,7.03
17,2,OP06,M500327,3,7.03
17,2,OP07,REPOS,0,0.0
17,2,OP08,REPOS,0,0.0
17,2,OP09,REPOS,0,0.0
17,2,OP10,REPOS,0,0.0
17,2,OP11,REPOS,0,0.0
17,2,OP12,REPOS,0,0.0
17,2,OP13,REPOS,0,0.0
17,2,OP14,REPOS,0,0.0
17,3,OP01,M400201,1,4.69
17,3,OP02,REPOS,0,0.0
17,3,OP03,REPOS,0,0.0
17,3,OP04,REPOS,0,0.0
17,3,OP05,REPOS,0,0.0
17,3,OP06,REPOS,0,0.0
17,3,OP07,REPOS,0,0.0
17,3,OP08,REPOS,0,0.0
17,3,OP09,REPOS,0,0.0
17,3,OP10,REPOS,0,0.0
17,3,OP11,REPOS,0,0.0
17,3,OP12,REPOS,0,0.0
17,3,OP13,REPOS,0,0.0
17,3,OP14,REPOS,0,0.0
18,1,OP01,M400201,1,4.69
18,1,OP02,M500312,8,7.5
18,1,OP03,M500318,8,7.5
18,1,OP04,M500319,8,7.5
18,1,OP05,M500324,4,6.25
18,1,OP06,REPOS,0,0.0
18,1,OP07,REPOS,0,0.0
18,1,OP08,REPOS,0,0.0
18,1,OP09,REPOS,0,0.0
18,1,OP10,REPOS,0,0.0
18,1,OP11,REPOS,0,0.0
18,1,OP12,REPOS,0,0.0
18,1,OP13,REPOS,0,0.0
18,1,OP14,REPOS,0,0.0
18,2,OP01,M400201,1,4.69
18,2,OP02,M500304,4,6.25
18,2,OP03,M500311,4,7.5
18,2,OP04,M500313,8,7.5
18,2,OP05,M500317,4,7.5
18,2,OP06,M500323,4,7.5
18,2,OP07,M500325,3,7.03
18,2,OP08,M500327,3,7.03
18,2,OP09,M500328,6,7.03
18,2,OP10,M500329,8,7.5
18,2,OP11,REPOS,0,0.0
18,2,OP12,REPOS,0,0.0
18,2,OP13,REPOS,0,0.0
18,2,OP14,REPOS,0,0.0
18,3,OP01,M400201,1,4.69
18,3,OP02,M500324,4,6.25
18,3,OP03,REPOS,0,0.0
18,3,OP04,REPOS,0,0.0
18,3,OP05,REPOS,0,0.0
18,3,OP06,REPOS,0,0.0
18,3,OP07,REPOS,0,0.0
18,3,OP08,REPOS,0,0.0
18,3,OP09,REPOS,0,0.0
18,3,OP10,REPOS,0,0.0
18,3,OP11,REPOS,0,0.0
18,3,OP12,REPOS,0,0.0
18,3,OP13,REPOS,0,0.0
18,3,OP14,REPOS,0,0.0
19,1,OP01,M400201,1,4.69
19,1,OP02,M500330,4,6.25
19,1,OP03,REPOS,0,0.0
19,1,OP04,REPOS,0,0.0
19,1,OP05,REPOS,0,0.0
19,1,OP06,REPOS,0,0.0
19,1,OP07,REPOS,0,0.0
19,1,OP08,REPOS,0,0.0
19,1,OP09,REPOS,0,0.0
19,1,OP10,REPOS,0,0.0
19,1,OP11,REPOS,0,0.0
19,1,OP12,REPOS,0,0.0
19,1,OP13,REPOS,0,0.0
19,1,OP14,REPOS,0,0.0
19,2,OP01,M400201,1,4.69
19,2,OP02,M500304,4,6.25
19,2,OP03,M500317,4,7.5
19,2,OP04,M500324,4,6.25
19,2,OP05,M500325,3,7.03
19,2,OP06,M500327,3,7.03
19,2,OP07,REPOS,0,0.0
19,2,OP08,REPOS,0,0.0
19,2,OP09,REPOS,0,0.0
19,2,OP10,REPOS,0,0.0
19,2,OP11,REPOS,0,0.0
19,2,OP12,REPOS,0,0.0
19,2,OP13,REPOS,0,0.0
19,2,OP14,REPOS,0,0.0
19,3,OP01,M400201,1,4.69
19,3,OP02,REPOS,0,0.0
19,3,OP03,REPOS,0,0.0
19,3,OP04,REPOS,0,0.0
19,3,OP05,REPOS,0,0.0
19,3,OP06,REPOS,0,0.0
19,3,OP07,REPOS,0,0.0
19,3,OP08,REPOS,0,0.0
19,3,OP09,REPOS,0,0.0
19,3,OP10,REPOS,0,0.0
19,3,OP11,REPOS,0,0.0
19,3,OP12,REPOS,0,0.0
19,3,OP13,REPOS,0,0.0
19,3,OP14,REPOS,0,0.0
20,1,OP01,M400201,1,4.69
20,1,OP02,M500312,8,7.5
20,1,OP03,M500318,8,7.5
20,1,OP04,M500319,8,7.5
20,1,OP05,M500323,4,7.5
20,1,OP06,M500324,4,6.25
20,1,OP07,REPOS,0,0.0
20,1,OP08,REPOS,0,0.0
20,1,OP09,REPOS,0,0.0
20,1,OP10,REPOS,0,0.0
20,1,OP11,REPOS,0,0.0
20,1,OP12,REPOS,0,0.0
20,1,OP13,REPOS,0,0.0
20,1,OP14,REPOS,0,0.0
20,2,OP01,M400201,1,4.69
20,2,OP02,M500304,4,6.25
20,2,OP03,M500317,4,7.5
20,2,OP04,M500325,1,2.34
20,2,OP05,M500327,3,7.03
20,2,OP06,REPOS,0,0.0
20,2,OP07,REPOS,0,0.0
20,2,OP08,REPOS,0,0.0
20,2,OP09,REPOS,0,0.0
20,2,OP10,REPOS,0,0.0
20,2,OP11,REPOS,0,0.0
20,2,OP12,REPOS,0,0.0
20,2,OP13,REPOS,0,0.0
20,2,OP14,REPOS,0,0.0
20,3,OP01,M400201,1,4.69
20,3,OP02,M500311,4,7.5
20,3,OP03,M500313,8,7.5
20,3,OP04,M500324,4,6.25
20,3,OP05,REPOS,0,0.0
20,3,OP06,REPOS,0,0.0
20,3,OP07,REPOS,0,0.0
20,3,OP08,REPOS,0,0.0
20,3,OP09,REPOS,0,0.0
20,3,OP10,REPOS,0,0.0
20,3,OP11,REPOS,0,0.0
20,3,OP12,REPOS,0,0.0
20,3,OP13,REPOS,0,0.0
20,3,OP14,REPOS,0,0.0
21,1,OP01,M400201,1,4.69
21,1,OP02,M500328,6,7.03
21,1,OP03,REPOS,0,0.0
21,1,OP04,REPOS,0,0.0
21,1,OP05,REPOS,0,0.0
21,1,OP06,REPOS,0,0.0
21,1,OP07,REPOS,0,0.0
21,1,OP08,REPOS,0,0.0
21,1,OP09,REPOS,0,0.0
21,1,OP10,REPOS,0,0.0
21,1,OP11,REPOS,0,0.0
21,1,OP12,REPOS,0,0.0
21,1,OP13,REPOS,0,0.0
21,1,OP14,REPOS,0,0.0
21,2,OP01,M400201,1,4.69
21,2,OP02,M500304,4,6.25
21,2,OP03,M500317,4,7.5
21,2,OP04,M500324,4,6.25
21,2,OP05,M500327,3,7.03
21,2,OP06,REPOS,0,0.0
21,2,OP07,REPOS,0,0.0
21,2,OP08,REPOS,0,0.0
21,2,OP09,REPOS,0,0.0
21,2,OP10,REPOS,0,0.0
21,2,OP11,REPOS,0,0.0
21,2,OP12,REPOS,0,0.0
21,2,OP13,REPOS,0,0.0
21,2,OP14,REPOS,0,0.0
21,3,OP01,M400201,1,4.69
21,3,OP02,M500323,1,1.88
21,3,OP03,REPOS,0,0.0
21,3,OP04,REPOS,0,0.0
21,3,OP05,REPOS,0,0.0
21,3,OP06,REPOS,0,0.0
21,3,OP07,REPOS,0,0.0
21,3,OP08,REPOS,0,0.0
21,3,OP09,REPOS,0,0.0
21,3,OP10,REPOS,0,0.0
21,3,OP11,REPOS,0,0.0
21,3,OP12,REPOS,0,0.0
21,3,OP13,REPOS,0,0.0
21,3,OP14,REPOS,0,0.0
22,1,OP01,M400201,1,4.69
22,1,OP02,M500312,8,7.5
22,1,OP03,M500318,8,7.5
22,1,OP04,M500319,4,3.75
22,1,OP05,M500324,4,6.25
22,1,OP06,REPOS,0,0.0
22,1,OP07,REPOS,0,0.0
22,1,OP08,REPOS,0,0.0
22,1,OP09,REPOS,0,0.0
22,1,OP10,REPOS,0,0.0
22,1,OP11,REPOS,0,0.0
22,1,OP12,REPOS,0,0.0
22,1,OP13,REPOS,0,0.0
22,1,OP14,REPOS,0,0.0
22,2,OP01,M400201,1,4.69
22,2,OP02,M500304,3,4.69
22,2,OP03,M500317,3,5.62
22,2,OP04,M500327,3,7.03
22,2,OP05,REPOS,0,0.0
22,2,OP06,REPOS,0,0.0
22,2,OP07,REPOS,0,0.0
22,2,OP08,REPOS,0,0.0
22,2,OP09,REPOS,0,0.0
22,2,OP10,REPOS,0,0.0
22,2,OP11,REPOS,0,0.0
22,2,OP12,REPOS,0,0.0
22,2,OP13,REPOS,0,0.0
22,2,OP14,REPOS,0,0.0
22,3,OP01,M400201,1,4.69
22,3,OP02,M500324,4,6.25
22,3,OP03,REPOS,0,0.0
22,3,OP04,REPOS,0,0.0
22,3,OP05,REPOS,0,0.0
22,3,OP06,REPOS,0,0.0
22,3,OP07,REPOS,0,0.0
22,3,OP08,REPOS,0,0.0
22,3,OP09,REPOS,0,0.0
22,3,OP10,REPOS,0,0.0
22,3,OP11,REPOS,0,0.0
22,3,OP12,REPOS,0,0.0
22,3,OP13,REPOS,0,0.0
22,3,OP14,REPOS,0,0.0
23,1,OP01,M400201,1,4.69
23,1,OP02,M500311,3,5.62
23,1,OP03,M500313,5,4.69
23,1,OP04,M500330,4,6.25
23,1,OP05,REPOS,0,0.0
23,1,OP06,REPOS,0,0.0
23,1,OP07,REPOS,0,0.0
23,1,OP08,REPOS,0,0.0
23,1,OP09,REPOS,0,0.0
23,1,OP10,REPOS,0,0.0
23,1,OP11,REPOS,0,0.0
23,1,OP12,REPOS,0,0.0
23,1,OP13,REPOS,0,0.0
23,1,OP14,REPOS,0,0.0
23,2,OP01,M400201,1,4.69
23,2,OP02,M500324,1,1.56
23,2,OP03,M500327,3,7.03
23,2,OP04,M500329,7,6.56
23,2,OP05,REPOS,0,0.0
23,2,OP06,REPOS,0,0.0
23,2,OP07,REPOS,0,0.0
23,2,OP08,REPOS,0,0.0
23,2,OP09,REPOS,0,0.0
23,2,OP10,REPOS,0,0.0
23,2,OP11,REPOS,0,0.0
23,2,OP12,REPOS,0,0.0
23,2,OP13,REPOS,0,0.0
23,2,OP14,REPOS,0,0.0
23,3,OP01,M400201,1,4.69
23,3,OP02,M500328,5,5.86
23,3,OP03,REPOS,0,0.0
23,3,OP04,REPOS,0,0.0
23,3,OP05,REPOS,0,0.0
23,3,OP06,REPOS,0,0.0
23,3,OP07,REPOS,0,0.0
23,3,OP08,REPOS,0,0.0
23,3,OP09,REPOS,0,0.0
23,3,OP10,REPOS,0,0.0
23,3,OP11,REPOS,0,0.0
23,3,OP12,REPOS,0,0.0
23,3,OP13,REPOS,0,0.0
23,3,OP14,REPOS,0,0.0
24,1,OP01,M400201,1,4.69
24,1,OP02,M500318,3,2.81
24,1,OP03,REPOS,0,0.0
24,1,OP04,REPOS,0,0.0
24,1,OP05,REPOS,0,0.0
24,1,OP06,REPOS,0,0.0
24,1,OP07,REPOS,0,0.0
24,1,OP08,REPOS,0,0.0
24,1,OP09,REPOS,0,0.0
24,1,OP10,REPOS,0,0.0
24,1,OP11,REPOS,0,0.0
24,1,OP12,REPOS,0,0.0
24,1,OP13,REPOS,0,0.0
24,1,OP14,REPOS,0,0.0
24,2,OP01,M400201,1,4.69
24,2,OP02,M500327,3,7.03
24,2,OP03,REPOS,0,0.0
24,2,OP04,REPOS,0,0.0
24,2,OP05,REPOS,0,0.0
24,2,OP06,REPOS,0,0.0
24,2,OP07,REPOS,0,0.0
24,2,OP08,REPOS,0,0.0
24,2,OP09,REPOS,0,0.0
24,2,OP10,REPOS,0,0.0
24,2,OP11,REPOS,0,0.0
24,2,OP12,REPOS,0,0.0
24,2,OP13,REPOS,0,0.0
24,2,OP14,REPOS,0,0.0
24,3,OP01,M400201,1,4.69
24,3,OP02,REPOS,0,0.0
24,3,OP03,REPOS,0,0.0
24,3,OP04,REPOS,0,0.0
24,3,OP05,REPOS,0,0.0
24,3,OP06,REPOS,0,0.0
24,3,OP07,REPOS,0,0.0
24,3,OP08,REPOS,0,0.0
24,3,OP09,REPOS,0,0.0
24,3,OP10,REPOS,0,0.0
24,3,OP11,REPOS,0,0.0
24,3,OP12,REPOS,0,0.0
24,3,OP13,REPOS,0,0.0
24,3,OP14,REPOS,0,0.0
25,1,OP01,M400201,1,4.69
25,1,OP02,REPOS,0,0.0
25,1,OP03,REPOS,0,0.0
25,1,OP04,REPOS,0,0.0
25,1,OP05,REPOS,0,0.0
25,1,OP06,REPOS,0,0.0
25,1,OP07,REPOS,0,0.0
25,1,OP08,REPOS,0,0.0
25,1,OP09,REPOS,0,0.0
25,1,OP10,REPOS,0,0.0
25,1,OP11,REPOS,0,0.0
25,1,OP12,REPOS,0,0.0
25,1,OP13,REPOS,0,0.0
25,1,OP14,REPOS,0,0.0
25,2,OP01,M500327,3,7.03
25,2,OP02,REPOS,0,0.0
25,2,OP03,REPOS,0,0.0
25,2,OP04,REPOS,0,0.0
25,2,OP05,REPOS,0,0.0
25,2,OP06,REPOS,0,0.0
25,2,OP07,REPOS,0,0.0
25,2,OP08,REPOS,0,0.0
25,2,OP09,REPOS,0,0.0
25,2,OP10,REPOS,0,0.0
25,2,OP11,REPOS,0,0.0
25,2,OP12,REPOS,0,0.0
25,2,OP13,REPOS,0,0.0
25,2,OP14,REPOS,0,0.0
25,3,OP01,REPOS,0,0.0
25,3,OP02,REPOS,0,0.0
25,3,OP03,REPOS,0,0.0
25,3,OP04,REPOS,0,0.0
25,3,OP05,REPOS,0,0.0
25,3,OP06,REPOS,0,0.0
25,3,OP07,REPOS,0,0.0
25,3,OP08,REPOS,0,0.0
25,3,OP09,REPOS,0,0.0
25,3,OP10,REPOS,0,0.0
25,3,OP11,REPOS,0,0.0
25,3,OP12,REPOS,0,0.0
25,3,OP13,REPOS,0,0.0
25,3,OP14,REPOS,0,0.0
